episode,episode_reward,episode_steps,timesteps,fps,timestamp,seed
1,4.390000,217,1736,0,2026-03-24T22:07:00.007096,70043
2,16.340000,225,1800,0,2026-03-24T22:07:00.012704,60043
3,16.040001,227,1816,0,2026-03-24T22:07:00.014474,43
4,9.100000,251,2008,0,2026-03-24T22:07:00.033072,40043
5,19.250000,276,2208,0,2026-03-24T22:07:00.288722,30043
6,17.969999,276,2208,0,2026-03-24T22:07:00.288730,50043
7,4.340000,215,3536,0,2026-03-24T22:07:00.387492,44
8,42.519997,479,3832,0,2026-03-24T22:07:00.410744,10043
9,9.270000,334,4408,0,2026-03-24T22:07:00.605153,70044
10,38.249996,397,5184,0,2026-03-24T22:07:00.662486,40044
11,37.910000,426,5616,0,2026-03-24T22:07:00.695679,30044
12,20.650000,473,5992,0,2026-03-24T22:07:00.723482,50044
13,14.650000,442,7072,0,2026-03-24T22:07:00.959338,45
14,26.550003,447,7408,0,2026-03-24T22:07:00.983449,10044
15,16.040001,227,7432,0,2026-03-24T22:07:00.985678,30045
16,41.679996,500,8408,0,2026-03-24T22:07:01.302815,70045
17,40.659992,429,8616,0,2026-03-24T22:07:01.321940,40045
18,3.530000,237,8968,0,2026-03-24T22:07:01.361354,46
19,53.019997,432,10888,0,2026-03-24T22:07:01.722204,30046
20,5.290000,251,10976,0,2026-03-24T22:07:01.728255,47
21,40.549995,347,11392,0,2026-03-24T22:07:01.760685,40046
22,19.250000,272,13064,0,2026-03-24T22:07:02.110912,30047
23,21.070000,338,14096,0,2026-03-24T22:07:02.180652,40047
24,27.550001,450,14576,0,2026-03-24T22:07:02.379145,48
25,17.799999,497,18072,0,2026-03-24T22:07:02.760311,40048
26,28.410000,471,18344,0,2026-03-24T22:07:02.779428,49
27,4.430000,211,19760,0,2026-03-24T22:07:03.021795,40049
28,1.820000,202,19960,0,2026-03-24T22:07:03.035923,50
29,38.139999,2500,20000,0,2026-03-24T22:07:03.039124,20043
30,33.299999,2500,21800,0,2026-03-24T22:07:03.308965,60044
31,18.959999,266,21888,0,2026-03-24T22:07:03.315189,40050
32,20.920000,316,22488,0,2026-03-24T22:07:03.357811,51
33,22.740000,360,22880,0,2026-03-24T22:07:03.544539,20044
34,15.889999,227,23704,0,2026-03-24T22:07:03.605621,40051
35,8.360000,292,24136,0,2026-03-24T22:07:03.641763,60045
36,33.579998,302,25296,0,2026-03-24T22:07:03.873190,20045
37,18.150000,267,25840,0,2026-03-24T22:07:03.912235,40052
38,16.290001,226,25944,0,2026-03-24T22:07:03.919702,60046
39,33.379997,2500,25992,0,2026-03-24T22:07:03.923363,50045
40,34.519997,597,27264,0,2026-03-24T22:07:04.159729,52
41,32.669998,2500,27408,0,2026-03-24T22:07:04.171017,10045
42,7.360001,294,28344,0,2026-03-24T22:07:04.239600,50046
43,33.589996,2500,28408,0,2026-03-24T22:07:04.244174,70046
44,5.240000,215,28984,0,2026-03-24T22:07:04.432580,53
45,16.340000,227,30800,0,2026-03-24T22:07:04.712770,54
46,25.840002,432,30864,0,2026-03-24T22:07:04.717253,10046
47,24.070002,356,31192,0,2026-03-24T22:07:04.741003,50047
48,13.270000,388,31512,0,2026-03-24T22:07:04.764062,70047
49,32.569996,2500,33064,0,2026-03-24T22:07:05.038781,30048
50,9.060000,338,33568,0,2026-03-24T22:07:05.077819,10047
51,18.420000,305,33632,0,2026-03-24T22:07:05.082612,50048
52,18.150002,266,33640,0,2026-03-24T22:07:05.083616,70048
53,16.250000,229,35472,0,2026-03-24T22:07:05.377773,70049
54,22.730001,380,36104,0,2026-03-24T22:07:05.422015,30049
55,26.940001,413,36872,0,2026-03-24T22:07:05.624626,10048
56,5.250000,296,37840,0,2026-03-24T22:07:05.689076,70050
57,4.490001,279,38336,0,2026-03-24T22:07:05.721766,30050
58,16.290001,226,38680,0,2026-03-24T22:07:05.746687,10049
59,0.910000,166,39168,0,2026-03-24T22:07:05.934669,70051
60,16.340000,226,40144,0,2026-03-24T22:07:06.000776,30051
61,6.160000,304,41600,0,2026-03-24T22:07:06.243811,70052
62,21.160002,312,42640,0,2026-03-24T22:07:06.310437,30052
63,4.250000,271,43768,0,2026-03-24T22:07:06.545396,70053
64,19.250000,278,44864,0,2026-03-24T22:07:06.624564,30053
65,36.430000,2500,45296,0,2026-03-24T22:07:06.819430,20046
66,75.369995,2500,45840,0,2026-03-24T22:07:06.859153,40053
67,33.529999,2500,45944,0,2026-03-24T22:07:06.866575,60047
68,21.210001,314,46280,0,2026-03-24T22:07:06.892993,70054
69,6.200000,241,47224,0,2026-03-24T22:07:07.115863,20047
70,0.910000,166,47608,0,2026-03-24T22:07:07.145220,70055
71,3.780000,240,47864,0,2026-03-24T22:07:07.163048,60048
72,16.340000,225,49024,0,2026-03-24T22:07:07.244482,20048
73,17.910000,302,50024,0,2026-03-24T22:07:07.462951,70056
74,37.339996,2500,50800,0,2026-03-24T22:07:07.511392,55
75,19.779999,303,51448,0,2026-03-24T22:07:07.702786,20049
76,12.510000,372,53000,0,2026-03-24T22:07:07.798402,70057
77,45.380001,2500,53632,0,2026-03-24T22:07:07.988740,50049
78,36.779999,352,54264,0,2026-03-24T22:07:08.031754,20050
79,0.910000,166,54328,0,2026-03-24T22:07:08.036115,70058
80,25.500000,435,57744,0,2026-03-24T22:07:08.543597,20051
81,40.389999,517,57768,0,2026-03-24T22:07:08.545444,50050
82,41.989998,516,58456,0,2026-03-24T22:07:08.589055,70059
83,46.949997,2500,58680,0,2026-03-24T22:07:08.606238,10050
84,16.050001,228,59592,0,2026-03-24T22:07:08.817703,50051
85,7.100000,284,60016,0,2026-03-24T22:07:08.847329,20052
86,8.050000,289,60768,0,2026-03-24T22:07:08.898138,70060
87,16.290001,226,61400,0,2026-03-24T22:07:08.943035,50052
88,16.549999,454,62312,0,2026-03-24T22:07:09.149775,10051
89,22.929998,368,63712,0,2026-03-24T22:07:09.392977,70061
90,15.469999,521,64184,0,2026-03-24T22:07:09.423107,20053
91,32.669998,2500,64864,0,2026-03-24T22:07:09.466677,30054
92,32.660000,510,65480,0,2026-03-24T22:07:09.512200,50053
93,59.849995,2500,65840,0,2026-03-24T22:07:09.685669,40054
94,28.560001,492,66248,0,2026-03-24T22:07:09.717108,10052
95,21.210001,320,66272,0,2026-03-24T22:07:09.719204,70062
96,22.780001,303,66608,0,2026-03-24T22:07:09.745156,20054
97,17.010000,251,66872,0,2026-03-24T22:07:09.765945,30055
98,3.530000,239,67752,0,2026-03-24T22:07:09.999691,40055
99,47.999992,2500,67864,0,2026-03-24T22:07:10.011309,60049
100,22.930000,342,68216,0,2026-03-24T22:07:10.041576,50054
101,22.110001,320,68808,0,2026-03-24T22:07:10.089305,10053
102,5.400001,305,69048,0,2026-03-24T22:07:10.109964,20055
103,17.920000,271,70032,0,2026-03-24T22:07:10.366269,60050
104,41.559998,442,70408,0,2026-03-24T22:07:10.396248,30056
105,31.529999,2500,70800,0,2026-03-24T22:07:10.425630,56
106,22.160000,325,70816,0,2026-03-24T22:07:10.427179,50055
107,28.260002,477,71568,0,2026-03-24T22:07:10.487777,40056
108,34.739998,343,71792,0,2026-03-24T22:07:10.659991,20056
109,16.040001,227,71848,0,2026-03-24T22:07:10.664016,60051
110,4.850000,236,72296,0,2026-03-24T22:07:10.696567,30057
111,4.540000,217,74032,0,2026-03-24T22:07:10.970119,30058
112,11.259999,305,74232,0,2026-03-24T22:07:10.985121,20057
113,27.600000,449,74392,0,2026-03-24T22:07:10.996430,57
114,25.900000,439,75080,0,2026-03-24T22:07:11.044469,40057
115,-1.240000,149,75224,0,2026-03-24T22:07:11.054401,30059
116,4.540000,217,76128,0,2026-03-24T22:07:11.274600,58
117,17.250000,267,77216,0,2026-03-24T22:07:11.353485,40058
118,25.500002,438,77736,0,2026-03-24T22:07:11.390222,20058
119,30.520000,472,80992,0,2026-03-24T22:07:11.923751,40059
120,28.920002,432,81192,0,2026-03-24T22:07:11.937146,20059
121,5.150000,256,83040,0,2026-03-24T22:07:12.211949,40060
122,1.580000,226,84848,0,2026-03-24T22:07:12.558601,40061
123,41.169998,486,85080,0,2026-03-24T22:07:12.574863,20060
124,46.959995,2500,86272,0,2026-03-24T22:07:12.808036,70063
125,16.000002,229,86680,0,2026-03-24T22:07:12.836535,40062
126,17.010000,250,87080,0,2026-03-24T22:07:12.863227,20061
127,31.230000,2500,88808,0,2026-03-24T22:07:13.128847,10054
128,6.490000,277,88896,0,2026-03-24T22:07:13.135097,40063
129,20.780001,342,89008,0,2026-03-24T22:07:13.142903,70064
130,19.920000,290,89400,0,2026-03-24T22:07:13.170620,20062
131,16.290001,225,90608,0,2026-03-24T22:07:13.402024,10055
132,32.769997,2500,90816,0,2026-03-24T22:07:13.416483,50056
133,16.950001,266,91136,0,2026-03-24T22:07:13.440053,70065
134,16.290001,226,91208,0,2026-03-24T22:07:13.445254,20063
135,20.160000,293,91240,0,2026-03-24T22:07:13.447647,40064
136,30.619995,2500,91848,0,2026-03-24T22:07:13.491288,60052
137,17.349998,247,92584,0,2026-03-24T22:07:13.718689,10056
138,4.250000,214,92848,0,2026-03-24T22:07:13.739523,70066
139,3.820000,211,92896,0,2026-03-24T22:07:13.743315,20064
140,5.540000,257,93296,0,2026-03-24T22:07:13.773309,40065
141,24.730001,397,93992,0,2026-03-24T22:07:13.824103,50057
142,16.000002,227,94712,0,2026-03-24T22:07:14.029846,20065
143,17.150000,267,94720,0,2026-03-24T22:07:14.030721,10057
144,45.999996,2500,95224,0,2026-03-24T22:07:14.068414,30060
145,35.539997,323,95432,0,2026-03-24T22:07:14.083737,70067
146,47.989998,533,96112,0,2026-03-24T22:07:14.135482,60053
147,32.480000,2500,96128,0,2026-03-24T22:07:14.137348,59
148,12.110001,355,96136,0,2026-03-24T22:07:14.138364,40066
149,5.440000,216,97856,0,2026-03-24T22:07:14.415027,60
150,10.070000,330,97864,0,2026-03-24T22:07:14.416064,30061
151,5.440000,217,97872,0,2026-03-24T22:07:14.416931,40067
152,10.880000,328,98056,0,2026-03-24T22:07:14.432028,70068
153,39.110001,437,98216,0,2026-03-24T22:07:14.445459,10058
154,18.019999,273,100048,0,2026-03-24T22:07:14.781736,30062
155,9.400000,318,100416,0,2026-03-24T22:07:14.967639,40068
156,9.250001,300,100456,0,2026-03-24T22:07:14.970757,70069
157,1.670000,195,101608,0,2026-03-24T22:07:15.049011,30063
158,17.810001,488,101760,0,2026-03-24T22:07:15.059114,61
159,39.599998,392,103592,0,2026-03-24T22:07:15.332715,70070
160,11.750001,439,103928,0,2026-03-24T22:07:15.356209,40069
161,24.490002,405,104848,0,2026-03-24T22:07:15.570483,30064
162,19.870001,311,106080,0,2026-03-24T22:07:15.654560,70071
163,28.440001,676,107168,0,2026-03-24T22:07:15.883576,62
164,28.670000,514,108040,0,2026-03-24T22:07:15.941758,40070
165,5.490000,276,110248,0,2026-03-24T22:07:16.233573,40071
166,32.379997,491,111096,0,2026-03-24T22:07:16.434656,63
167,7.350000,253,112272,0,2026-03-24T22:07:16.507975,40072
168,38.299995,2500,113992,0,2026-03-24T22:07:16.766616,50058
169,16.089998,412,114392,0,2026-03-24T22:07:16.794001,64
170,20.209999,289,114584,0,2026-03-24T22:07:16.806439,40073
171,30.330000,2500,114712,0,2026-03-24T22:07:16.967667,20066
172,0.910000,166,115320,0,2026-03-24T22:07:17.011002,50059
173,30.169998,2500,116112,0,2026-03-24T22:07:17.065701,60054
174,19.200001,266,116840,0,2026-03-24T22:07:17.266507,20067
175,21.820002,317,116928,0,2026-03-24T22:07:17.272523,65
176,19.309999,272,117496,0,2026-03-24T22:07:17.312690,50060
177,16.190001,224,117904,0,2026-03-24T22:07:17.343046,60055
178,25.790003,430,118024,0,2026-03-24T22:07:17.351805,40074
179,33.439995,2500,118216,0,2026-03-24T22:07:17.366844,10059
180,0.910000,166,118256,0,2026-03-24T22:07:17.370690,66
181,16.100000,229,119328,0,2026-03-24T22:07:17.600564,50061
182,18.010000,270,120064,0,2026-03-24T22:07:17.654113,60056
183,6.730000,257,120080,0,2026-03-24T22:07:17.655452,40075
184,4.730000,246,120224,0,2026-03-24T22:07:17.666856,67
185,55.079994,446,120408,0,2026-03-24T22:07:17.682018,20068
186,3.580000,233,121192,0,2026-03-24T22:07:17.890179,50062
187,4.240000,211,121912,0,2026-03-24T22:07:17.940650,68
188,4.530000,233,121944,0,2026-03-24T22:07:17.943217,40076
189,28.560001,488,122120,0,2026-03-24T22:07:17.956483,10060
190,16.340000,226,122216,0,2026-03-24T22:07:17.963950,20069
191,0.910000,166,123448,0,2026-03-24T22:07:18.206421,10061
192,7.690000,291,123520,0,2026-03-24T22:07:18.211791,50063
193,17.059999,249,123904,0,2026-03-24T22:07:18.240061,69
194,18.150002,273,124400,0,2026-03-24T22:07:18.275457,20070
195,46.529995,2500,124848,0,2026-03-24T22:07:18.306696,30065
196,36.639999,387,125040,0,2026-03-24T22:07:18.469779,40077
197,17.150000,248,125432,0,2026-03-24T22:07:18.498801,10062
198,16.190002,224,125696,0,2026-03-24T22:07:18.516683,70
199,31.429998,2500,126080,0,2026-03-24T22:07:18.546300,70072
200,16.240002,225,126200,0,2026-03-24T22:07:18.555350,20071
201,36.290005,353,126344,0,2026-03-24T22:07:18.566815,50064
202,6.540000,216,127424,0,2026-03-24T22:07:18.800009,71
203,12.259999,373,128024,0,2026-03-24T22:07:18.844544,40078
204,16.290001,225,128144,0,2026-03-24T22:07:18.853418,50065
205,9.820000,309,128552,0,2026-03-24T22:07:18.884806,70073
206,27.450001,373,129184,0,2026-03-24T22:07:19.104003,20072
207,29.320000,485,129312,0,2026-03-24T22:07:19.115050,10063
208,18.150002,271,129592,0,2026-03-24T22:07:19.139782,72
209,9.000000,250,130024,0,2026-03-24T22:07:19.176755,40079
210,12.980000,385,131224,0,2026-03-24T22:07:19.447010,50066
211,28.490002,407,131808,0,2026-03-24T22:07:19.495542,70074
212,18.000000,267,132160,0,2026-03-24T22:07:19.523208,40080
213,38.410000,428,133016,0,2026-03-24T22:07:19.589216,73
214,17.010000,251,133232,0,2026-03-24T22:07:19.761989,50067
215,56.609997,520,133344,0,2026-03-24T22:07:19.770633,20073
216,16.290001,225,133960,0,2026-03-24T22:07:19.816909,40081
217,5.730000,252,135032,0,2026-03-24T22:07:19.895830,74
218,19.150002,271,135400,0,2026-03-24T22:07:20.087478,50068
219,20.609999,514,135920,0,2026-03-24T22:07:20.125116,70075
220,36.499996,396,136512,0,2026-03-24T22:07:20.167611,20074
221,10.360000,358,136824,0,2026-03-24T22:07:20.190628,40082
222,18.660002,269,138072,0,2026-03-24T22:07:20.433937,70076
223,16.290001,226,138320,0,2026-03-24T22:07:20.451239,20075
224,37.149998,377,138416,0,2026-03-24T22:07:20.459156,50069
225,8.250000,264,138936,0,2026-03-24T22:07:20.495506,40083
226,33.000000,2500,140064,0,2026-03-24T22:07:20.733350,60057
227,21.209999,298,141320,0,2026-03-24T22:07:20.990476,40084
228,16.290001,226,141872,0,2026-03-24T22:07:21.029938,60058
229,30.710001,525,142272,0,2026-03-24T22:07:21.056902,70077
230,7.350000,260,143400,0,2026-03-24T22:07:21.284906,40085
231,17.059999,250,143872,0,2026-03-24T22:07:21.316525,60059
232,4.530000,234,144144,0,2026-03-24T22:07:21.334166,70078
233,0.910000,166,144728,0,2026-03-24T22:07:21.372104,40086
234,33.930000,2500,144848,0,2026-03-24T22:07:21.379747,30066
235,16.340000,225,146528,0,2026-03-24T22:07:21.642828,40087
236,9.210000,304,146576,0,2026-03-24T22:07:21.646387,70079
237,16.340000,224,146640,0,2026-03-24T22:07:21.650821,30067
238,19.150002,276,148784,0,2026-03-24T22:07:21.949490,70080
239,11.060000,294,148992,0,2026-03-24T22:07:21.963658,30068
240,38.380001,2500,149312,0,2026-03-24T22:07:21.986384,10064
241,22.490002,384,149600,0,2026-03-24T22:07:22.172230,40088
242,3.530000,239,150904,0,2026-03-24T22:07:22.263432,30069
243,5.440000,215,151320,0,2026-03-24T22:07:22.292789,40089
244,10.320000,324,151376,0,2026-03-24T22:07:22.296936,70081
245,23.590000,376,152320,0,2026-03-24T22:07:22.515076,10065
246,4.430000,211,152592,0,2026-03-24T22:07:22.535589,30070
247,2.820000,201,152928,0,2026-03-24T22:07:22.559551,40090
248,8.260000,305,153816,0,2026-03-24T22:07:22.775437,70082
249,16.000002,228,154144,0,2026-03-24T22:07:22.798917,10066
250,4.430000,214,154304,0,2026-03-24T22:07:22.809912,30071
251,32.669998,2500,155032,0,2026-03-24T22:07:22.859950,75
252,20.010000,307,155384,0,2026-03-24T22:07:22.885321,40091
253,7.290000,257,155872,0,2026-03-24T22:07:23.070643,70083
254,10.110000,285,156424,0,2026-03-24T22:07:23.110176,10067
255,10.000000,299,156696,0,2026-03-24T22:07:23.129953,30072
256,7.349999,255,157424,0,2026-03-24T22:07:23.184134,40092
257,22.869999,339,157744,0,2026-03-24T22:07:23.371833,76
258,30.719999,2500,158320,0,2026-03-24T22:07:23.414362,20076
259,57.749996,2500,158416,0,2026-03-24T22:07:23.421479,50070
260,23.740000,407,159128,0,2026-03-24T22:07:23.472371,70084
261,23.029999,362,159320,0,2026-03-24T22:07:23.487454,10068
262,54.040001,467,160432,0,2026-03-24T22:07:23.722105,30073
263,22.920000,368,161264,0,2026-03-24T22:07:23.780025,20077
264,5.250000,245,161280,0,2026-03-24T22:07:23.781536,10069
265,42.889999,521,162584,0,2026-03-24T22:07:24.012939,50071
266,29.920000,468,162872,0,2026-03-24T22:07:24.033447,70085
267,18.150002,265,163400,0,2026-03-24T22:07:24.070019,10070
268,36.230000,2500,163872,0,2026-03-24T22:07:24.254094,60060
269,12.260000,371,164232,0,2026-03-24T22:07:24.280810,20078
270,16.290001,224,165664,0,2026-03-24T22:07:24.376680,60061
271,37.110001,395,165744,0,2026-03-24T22:07:24.382032,50072
272,22.380001,375,166400,0,2026-03-24T22:07:24.573317,10071
273,11.720000,362,168640,0,2026-03-24T22:07:24.857532,50073
274,23.699999,400,168864,0,2026-03-24T22:07:24.872546,60062
275,39.099998,425,169800,0,2026-03-24T22:07:24.930617,10072
276,18.150002,266,170992,0,2026-03-24T22:07:25.148468,60063
277,6.450000,315,171160,0,2026-03-24T22:07:25.159989,50074
278,20.340000,388,172904,0,2026-03-24T22:07:25.419675,10073
279,20.060001,309,173464,0,2026-03-24T22:07:25.456120,60064
280,38.359997,419,174512,0,2026-03-24T22:07:25.671201,50075
281,54.799992,477,176720,0,2026-03-24T22:07:25.957554,10074
282,21.110001,294,176864,0,2026-03-24T22:07:25.967381,50076
283,34.480000,2500,177424,0,2026-03-24T22:07:26.004110,40093
284,33.429996,2500,177744,0,2026-03-24T22:07:26.025853,77
285,7.910001,318,179264,0,2026-03-24T22:07:26.271976,10075
286,24.830000,379,179896,0,2026-03-24T22:07:26.314477,50077
287,33.480000,2500,180432,0,2026-03-24T22:07:26.500893,30074
288,23.199999,398,182448,0,2026-03-24T22:07:26.781030,10076
289,19.200001,270,182592,0,2026-03-24T22:07:26.791447,30075
290,10.160000,346,182664,0,2026-03-24T22:07:26.796735,50078
291,30.469999,2500,182872,0,2026-03-24T22:07:26.811212,70086
292,31.170000,2500,184232,0,2026-03-24T22:07:26.907628,20079
293,16.240000,224,184384,0,2026-03-24T22:07:27.070095,30076
294,18.100000,269,184816,0,2026-03-24T22:07:27.103061,50079
295,28.859999,478,186272,0,2026-03-24T22:07:27.295764,10077
296,23.019999,348,187016,0,2026-03-24T22:07:27.493699,20080
297,38.470001,451,187992,0,2026-03-24T22:07:27.558189,30077
298,6.550000,316,188800,0,2026-03-24T22:07:27.757521,10078
299,21.870001,328,189640,0,2026-03-24T22:07:27.810244,20081
300,16.240002,225,189792,0,2026-03-24T22:07:27.820173,30078
301,17.949999,267,190936,0,2026-03-24T22:07:28.044392,10079
302,7.050000,277,191856,0,2026-03-24T22:07:28.105754,20082
303,24.500000,372,192768,0,2026-03-24T22:07:28.310989,30079
304,35.099998,2500,193464,0,2026-03-24T22:07:28.356157,60065
305,37.340000,382,193992,0,2026-03-24T22:07:28.391228,10080
306,9.210000,299,194248,0,2026-03-24T22:07:28.408901,20083
307,2.580000,234,195864,0,2026-03-24T22:07:28.671725,10081
308,2.630000,223,196032,0,2026-03-24T22:07:28.683873,20084
309,8.260000,347,196240,0,2026-03-24T22:07:28.697866,60066
310,60.269997,2500,197424,0,2026-03-24T22:07:28.919990,40094
311,29.420000,2500,197744,0,2026-03-24T22:07:28.943487,78
312,12.170000,347,199016,0,2026-03-24T22:07:29.181161,60067
313,16.299999,228,199248,0,2026-03-24T22:07:29.197530,40095
314,20.289999,347,200520,0,2026-03-24T22:07:29.290558,79
315,15.850000,226,201056,0,2026-03-24T22:07:29.560521,40096
316,75.539993,2500,202872,0,2026-03-24T22:07:29.822888,70087
317,30.130001,478,204344,0,2026-03-24T22:07:29.914019,80
318,24.639999,428,204480,0,2026-03-24T22:07:29.922875,40097
319,31.719999,2500,204816,0,2026-03-24T22:07:30.095407,50080
320,18.010000,273,205056,0,2026-03-24T22:07:30.112164,70088
321,2.820000,209,206016,0,2026-03-24T22:07:30.176983,81
322,16.000002,228,206880,0,2026-03-24T22:07:30.381047,70089
323,20.720001,321,207048,0,2026-03-24T22:07:30.392952,40098
324,28.020002,447,208392,0,2026-03-24T22:07:30.480560,50081
325,4.079999,209,208552,0,2026-03-24T22:07:30.491716,70090
326,6.090000,249,209040,0,2026-03-24T22:07:30.678247,40099
327,3.530000,230,210232,0,2026-03-24T22:07:30.755711,50082
328,13.020000,383,212104,0,2026-03-24T22:07:31.025019,40100
329,18.250000,270,212392,0,2026-03-24T22:07:31.043682,50083
330,32.189995,2500,212768,0,2026-03-24T22:07:31.066611,30080
331,18.150002,271,214272,0,2026-03-24T22:07:31.311111,40101
332,22.769999,365,215312,0,2026-03-24T22:07:31.527851,50084
333,33.419998,2500,215864,0,2026-03-24T22:07:31.564709,10082
334,47.500000,2500,216032,0,2026-03-24T22:07:31.576346,20085
335,40.020000,480,216608,0,2026-03-24T22:07:31.617200,30081
336,19.910000,310,216752,0,2026-03-24T22:07:31.627882,40102
337,18.200001,267,217448,0,2026-03-24T22:07:31.826542,50085
338,12.979999,377,218880,0,2026-03-24T22:07:31.926125,10083
339,32.380001,2500,219016,0,2026-03-24T22:07:31.936592,60068
340,39.769997,429,219464,0,2026-03-24T22:07:32.121575,20086
341,17.100002,267,219584,0,2026-03-24T22:07:32.130968,50086
342,23.539999,405,219992,0,2026-03-24T22:07:32.160543,40103
343,16.139999,436,220096,0,2026-03-24T22:07:32.168670,30082
344,2.870000,199,221056,0,2026-03-24T22:07:32.237764,20087
345,32.379997,499,222872,0,2026-03-24T22:07:32.514243,10084
346,27.150002,359,222968,0,2026-03-24T22:07:32.521098,30083
347,26.200003,453,223208,0,2026-03-24T22:07:32.538953,50087
348,16.290001,224,224664,0,2026-03-24T22:07:32.784785,10085
349,45.049999,647,225168,0,2026-03-24T22:07:32.819350,40104
350,18.160000,302,225624,0,2026-03-24T22:07:32.999669,50088
351,33.709999,2500,226016,0,2026-03-24T22:07:33.026464,82
352,19.200001,266,227752,0,2026-03-24T22:07:33.290646,50089
353,2.290000,234,227888,0,2026-03-24T22:07:33.300856,83
354,26.790003,392,228304,0,2026-03-24T22:07:33.329247,40105
355,47.989998,2500,228552,0,2026-03-24T22:07:33.345592,70091
356,32.720001,2500,239016,0,2026-03-24T22:07:34.697587,60069
357,61.049992,2500,241056,0,2026-03-24T22:07:34.972853,20088
358,18.770000,275,241216,0,2026-03-24T22:07:34.983717,60070
359,5.290000,215,242776,0,2026-03-24T22:07:35.226806,20089
360,31.529999,2500,242968,0,2026-03-24T22:07:35.239424,30084
361,59.919994,2500,244664,0,2026-03-24T22:07:35.497478,10086
362,18.150000,273,245152,0,2026-03-24T22:07:35.533588,30085
363,25.570000,475,246576,0,2026-03-24T22:07:35.773728,20090
364,17.200001,267,247288,0,2026-03-24T22:07:35.820663,30086
365,36.569996,2500,247752,0,2026-03-24T22:07:35.850796,50090
366,32.589996,2500,247888,0,2026-03-24T22:07:36.008720,84
367,32.720001,2500,248304,0,2026-03-24T22:07:36.039153,40106
368,32.819996,2500,248552,0,2026-03-24T22:07:36.057864,70092
369,7.210000,289,248888,0,2026-03-24T22:07:36.083742,20091
370,16.240002,227,249704,0,2026-03-24T22:07:36.142956,85
371,18.010000,251,250896,0,2026-03-24T22:07:36.375724,20092
372,21.109999,313,251056,0,2026-03-24T22:07:36.387613,70093
373,37.099998,394,251456,0,2026-03-24T22:07:36.415203,40107
374,4.730000,252,252912,0,2026-03-24T22:07:36.662218,20093
375,25.879999,390,254576,0,2026-03-24T22:07:36.916348,40108
376,41.560001,426,256320,0,2026-03-24T22:07:37.177273,20094
377,19.820002,315,257096,0,2026-03-24T22:07:37.226797,40109
378,16.000002,228,258144,0,2026-03-24T22:07:37.440753,20095
379,9.110000,294,260496,0,2026-03-24T22:07:37.733676,20096
380,43.939999,2500,261216,0,2026-03-24T22:07:37.777878,60071
381,11.120000,336,263184,0,2026-03-24T22:07:38.043304,20097
382,32.189999,2500,264664,0,2026-03-24T22:07:38.278071,10087
383,32.119999,466,264944,0,2026-03-24T22:07:38.296397,60072
384,20.870001,332,265840,0,2026-03-24T22:07:38.352834,20098
385,16.240002,226,266472,0,2026-03-24T22:07:38.540688,10088
386,45.980000,2500,267288,0,2026-03-24T22:07:38.591785,30087
387,45.099998,2500,267752,0,2026-03-24T22:07:38.625233,50091
388,11.309999,368,267888,0,2026-03-24T22:07:38.637422,60073
389,47.139999,2500,269704,0,2026-03-24T22:07:38.912705,86
390,17.010000,249,269744,0,2026-03-24T22:07:38.915931,50092
391,4.580000,237,269784,0,2026-03-24T22:07:38.918947,60074
392,38.259998,405,270528,0,2026-03-24T22:07:39.125745,30088
393,61.379993,2500,271056,0,2026-03-24T22:07:39.165240,70094
394,16.389999,223,271488,0,2026-03-24T22:07:39.197771,87
395,33.870003,300,272144,0,2026-03-24T22:07:39.245499,50093
396,16.000002,228,272352,0,2026-03-24T22:07:39.259773,30089
397,14.030000,382,272840,0,2026-03-24T22:07:39.439707,60075
398,22.740000,365,274408,0,2026-03-24T22:07:39.546777,88
399,11.790000,419,274408,0,2026-03-24T22:07:39.546787,70095
400,9.980000,341,275568,0,2026-03-24T22:07:39.773553,60076
401,28.719999,519,276504,0,2026-03-24T22:07:39.985483,30090
402,20.810001,310,276888,0,2026-03-24T22:07:40.013289,89
403,34.139999,2500,277096,0,2026-03-24T22:07:40.027476,40110
404,16.290001,225,277368,0,2026-03-24T22:07:40.047255,60077
405,16.050001,228,278328,0,2026-03-24T22:07:40.115399,30091
406,7.450000,308,279560,0,2026-03-24T22:07:40.350502,40111
407,23.170000,343,280112,0,2026-03-24T22:07:40.388968,60078
408,24.739998,335,281008,0,2026-03-24T22:07:40.595999,30092
409,10.929999,362,283904,0,2026-03-24T22:07:40.926071,30093
410,35.389999,2500,285840,0,2026-03-24T22:07:41.193832,20099
411,35.039997,2500,286472,0,2026-03-24T22:07:41.233674,10089
412,4.990000,235,287720,0,2026-03-24T22:07:41.459573,20100
413,15.170002,537,288200,0,2026-03-24T22:07:41.490812,30094
414,3.730000,244,288424,0,2026-03-24T22:07:41.506264,10090
415,4.390000,217,289456,0,2026-03-24T22:07:41.723485,20101
416,33.720001,300,290824,0,2026-03-24T22:07:41.959063,10091
417,35.220001,2500,292144,0,2026-03-24T22:07:42.042061,50094
418,47.659996,551,292608,0,2026-03-24T22:07:42.072418,30095
419,4.490000,215,293864,0,2026-03-24T22:07:42.303011,50095
420,22.769999,552,293872,0,2026-03-24T22:07:42.303849,20102
421,46.889996,2500,294408,0,2026-03-24T22:07:42.341742,70096
422,16.190001,226,295672,0,2026-03-24T22:07:42.577210,50096
423,28.450001,422,295984,0,2026-03-24T22:07:42.598538,30096
424,30.570000,2500,296888,0,2026-03-24T22:07:42.658597,90
425,18.509998,482,298264,0,2026-03-24T22:07:42.895660,70097
426,2.820000,201,298496,0,2026-03-24T22:07:42.911412,91
427,7.600000,320,298544,0,2026-03-24T22:07:42.914824,30097
428,25.699999,424,299064,0,2026-03-24T22:07:43.100908,50097
429,48.889999,2500,299560,0,2026-03-24T22:07:43.136518,40112
430,37.339996,2500,300112,0,2026-03-24T22:07:43.183767,60079
431,4.430000,212,300192,0,2026-03-24T22:07:43.189526,92
432,6.400000,254,300296,0,2026-03-24T22:07:43.197079,70098
433,23.740002,393,301688,0,2026-03-24T22:07:43.447975,30098
434,18.099998,272,301736,0,2026-03-24T22:07:43.451702,40113
435,39.070000,461,302752,0,2026-03-24T22:07:43.524049,50098
436,9.590000,364,303024,0,2026-03-24T22:07:43.544164,60080
437,25.070002,375,303192,0,2026-03-24T22:07:43.712411,93
438,16.290001,225,303488,0,2026-03-24T22:07:43.734429,30099
439,6.450000,246,304992,0,2026-03-24T22:07:43.837327,60081
440,16.240002,225,305288,0,2026-03-24T22:07:44.005516,30100
441,14.140000,459,308664,0,2026-03-24T22:07:44.362965,60082
442,37.009995,2500,310824,0,2026-03-24T22:07:44.641739,10092
443,20.010000,295,311024,0,2026-03-24T22:07:44.655182,60083
444,21.670000,332,313480,0,2026-03-24T22:07:45.093925,10093
445,48.989998,2500,313872,0,2026-03-24T22:07:45.118088,20103
446,1.820000,205,315120,0,2026-03-24T22:07:45.192882,10094
447,29.270000,512,315120,0,2026-03-24T22:07:45.192894,60084
448,1.670000,193,315416,0,2026-03-24T22:07:45.359925,20104
449,18.809999,271,317584,0,2026-03-24T22:07:45.646541,20105
450,21.910002,310,317600,0,2026-03-24T22:07:45.648308,60085
451,16.240000,224,319376,0,2026-03-24T22:07:45.756743,20106
452,30.569998,2500,320296,0,2026-03-24T22:07:46.020443,70099
453,24.830000,372,320576,0,2026-03-24T22:07:46.038976,60086
454,33.049995,2500,321736,0,2026-03-24T22:07:46.258856,40114
455,21.070002,351,322184,0,2026-03-24T22:07:46.290098,20107
456,32.229996,2500,322752,0,2026-03-24T22:07:46.328523,50099
457,44.999996,2500,323192,0,2026-03-24T22:07:46.359760,94
458,2.580000,230,323576,0,2026-03-24T22:07:46.387831,40115
459,23.539999,412,323592,0,2026-03-24T22:07:46.536619,70100
460,23.540003,417,323912,0,2026-03-24T22:07:46.561716,60087
461,16.290001,224,324544,0,2026-03-24T22:07:46.608965,50100
462,11.310000,342,324920,0,2026-03-24T22:07:46.636688,20108
463,4.280000,208,325240,0,2026-03-24T22:07:46.659844,40116
464,39.859993,2500,325288,0,2026-03-24T22:07:46.663492,30101
465,2.530000,234,325784,0,2026-03-24T22:07:46.847590,60088
466,13.080000,439,326704,0,2026-03-24T22:07:46.915161,95
467,16.340000,226,327048,0,2026-03-24T22:07:46.940067,40117
468,16.200001,226,327096,0,2026-03-24T22:07:46.943675,30102
469,45.249992,519,327744,0,2026-03-24T22:07:47.137524,70101
470,18.670002,276,327992,0,2026-03-24T22:07:47.157087,60089
471,41.179996,497,328520,0,2026-03-24T22:07:47.196520,50101
472,19.809999,290,329416,0,2026-03-24T22:07:47.261020,30103
473,26.209999,420,330064,0,2026-03-24T22:07:47.454250,96
474,25.640001,338,330696,0,2026-03-24T22:07:47.499894,60090
475,16.750000,267,332832,0,2026-03-24T22:07:47.756199,60091
476,26.450001,374,333056,0,2026-03-24T22:07:47.771744,97
477,63.439987,2500,335120,0,2026-03-24T22:07:48.048650,10095
478,23.990000,403,336056,0,2026-03-24T22:07:48.254857,60092
479,8.250001,300,337520,0,2026-03-24T22:07:48.346544,10096
480,5.290000,215,339240,0,2026-03-24T22:07:48.598298,10097
481,39.210003,444,339608,0,2026-03-24T22:07:48.621324,60093
482,25.840000,397,342416,0,2026-03-24T22:07:49.096359,10098
483,21.770000,297,344792,0,2026-03-24T22:07:49.381086,10099
484,33.329998,2500,344920,0,2026-03-24T22:07:49.389066,20109
485,16.100000,227,346736,0,2026-03-24T22:07:49.648116,20110
486,32.579994,2500,347048,0,2026-03-24T22:07:49.668244,40118
487,36.289997,2500,347744,0,2026-03-24T22:07:49.713933,70102
488,62.469997,2500,348520,0,2026-03-24T22:07:49.927564,50102
489,31.310001,494,348744,0,2026-03-24T22:07:49.948249,10100
490,18.150000,267,348872,0,2026-03-24T22:07:49.960664,20111
491,46.230000,2500,349416,0,2026-03-24T22:07:50.048522,30104
492,22.880001,380,350088,0,2026-03-24T22:07:50.116505,40119
493,16.050001,229,350576,0,2026-03-24T22:07:50.238678,10101
494,10.960000,285,350800,0,2026-03-24T22:07:50.255915,50103
495,6.640000,289,351184,0,2026-03-24T22:07:50.283651,20112
496,16.240002,226,351224,0,2026-03-24T22:07:50.286827,30105
497,6.289999,246,352768,0,2026-03-24T22:07:50.541232,50104
498,38.450001,2500,353056,0,2026-03-24T22:07:50.562215,98
499,21.059999,318,353768,0,2026-03-24T22:07:50.613051,30106
500,25.120001,484,353960,0,2026-03-24T22:07:50.627524,40120
501,16.000000,228,354592,0,2026-03-24T22:07:50.823367,50105
502,25.940001,396,356936,0,2026-03-24T22:07:51.127849,30107
503,14.560000,491,356984,0,2026-03-24T22:07:51.131184,99
504,22.109999,319,357144,0,2026-03-24T22:07:51.142466,50106
505,38.349998,406,357208,0,2026-03-24T22:07:51.146949,40121
506,16.240002,225,358944,0,2026-03-24T22:07:51.410894,50107
507,79.190002,2500,359608,0,2026-03-24T22:07:51.455895,60094
508,14.980000,399,360128,0,2026-03-24T22:07:51.490933,30108
509,16.240002,224,360736,0,2026-03-24T22:07:51.679249,50108
510,16.399998,227,361424,0,2026-03-24T22:07:51.725084,60095
511,2.530000,228,361952,0,2026-03-24T22:07:51.762895,30109
512,38.239998,343,363480,0,2026-03-24T22:07:52.009678,50109
513,21.350000,359,364296,0,2026-03-24T22:07:52.062109,60096
514,6.000000,248,365464,0,2026-03-24T22:07:52.285761,50110
515,29.510002,505,365992,0,2026-03-24T22:07:52.319573,30110
516,19.110001,293,366640,0,2026-03-24T22:07:52.509272,60097
517,58.899994,2500,367744,0,2026-03-24T22:07:52.579539,70103
518,6.410000,324,368056,0,2026-03-24T22:07:52.601405,50111
519,14.429999,446,369560,0,2026-03-24T22:07:52.842864,30111
520,13.000000,440,370160,0,2026-03-24T22:07:52.882680,60098
521,75.039993,2500,370576,0,2026-03-24T22:07:52.910729,10102
522,26.150002,366,370672,0,2026-03-24T22:07:52.917513,70104
523,22.530001,378,371080,0,2026-03-24T22:07:53.094380,50112
524,48.189999,2500,371184,0,2026-03-24T22:07:53.103054,20113
525,7.900001,290,371880,0,2026-03-24T22:07:53.153953,30112
526,16.340000,225,372376,0,2026-03-24T22:07:53.189765,10103
527,24.019999,359,373544,0,2026-03-24T22:07:53.417504,70105
528,24.940001,425,375776,0,2026-03-24T22:07:53.719950,10104
529,38.039997,372,376520,0,2026-03-24T22:07:53.765599,70106
530,32.570000,2500,376984,0,2026-03-24T22:07:53.946958,100
531,29.809998,2500,377208,0,2026-03-24T22:07:53.963058,40122
532,20.969999,329,379616,0,2026-03-24T22:07:54.271631,101
533,21.160002,314,379720,0,2026-03-24T22:07:54.278744,40123
534,17.100000,246,381688,0,2026-03-24T22:07:54.552013,40124
535,16.340000,223,383472,0,2026-03-24T22:07:54.816441,40125
536,27.490000,408,386736,0,2026-03-24T22:07:55.162267,40126
537,33.669998,2500,390160,0,2026-03-24T22:07:55.660482,60099
538,48.899998,2500,391080,0,2026-03-24T22:07:55.714988,50113
539,61.319992,2500,391184,0,2026-03-24T22:07:55.867937,20114
540,34.290001,2500,391880,0,2026-03-24T22:07:55.912390,30113
541,5.440001,277,392376,0,2026-03-24T22:07:55.946219,60100
542,2.820000,209,392752,0,2026-03-24T22:07:55.972658,50114
543,16.150000,226,392992,0,2026-03-24T22:07:55.989509,20115
544,16.290001,225,393680,0,2026-03-24T22:07:56.186994,30114
545,17.200001,266,394504,0,2026-03-24T22:07:56.245285,60101
546,16.150000,227,394568,0,2026-03-24T22:07:56.250097,50115
547,48.089996,2500,395776,0,2026-03-24T22:07:56.479906,10105
548,18.259998,270,395840,0,2026-03-24T22:07:56.484745,30115
549,0.910000,166,395896,0,2026-03-24T22:07:56.489326,50116
550,45.079998,2500,396520,0,2026-03-24T22:07:56.532022,70107
551,24.030001,365,398816,0,2026-03-24T22:07:56.832532,50117
552,47.989994,2500,399616,0,2026-03-24T22:07:57.038856,102
553,2.830000,229,400648,0,2026-03-24T22:07:57.109096,50118
554,0.910000,166,401976,0,2026-03-24T22:07:57.339628,50119
555,18.160000,304,402048,0,2026-03-24T22:07:57.344387,103
556,17.109999,249,404040,0,2026-03-24T22:07:57.613096,104
557,4.480000,213,405744,0,2026-03-24T22:07:57.863151,105
558,50.299992,536,406264,0,2026-03-24T22:07:57.894678,50120
559,33.379997,2500,406736,0,2026-03-24T22:07:57.924599,40127
560,11.220000,321,408832,0,2026-03-24T22:07:58.213276,50121
561,43.880001,508,409808,0,2026-03-24T22:07:58.425276,106
562,4.580000,233,410696,0,2026-03-24T22:07:58.481384,50122
563,4.390000,215,412416,0,2026-03-24T22:07:58.736180,50123
564,31.479998,2500,412992,0,2026-03-24T22:07:58.771960,20116
565,26.949997,457,413464,0,2026-03-24T22:07:58.802354,107
566,5.540000,215,414136,0,2026-03-24T22:07:58.994369,50124
567,33.909996,2500,414504,0,2026-03-24T22:07:59.019681,60102
568,17.870001,303,415416,0,2026-03-24T22:07:59.080850,20117
569,37.389999,2500,415776,0,2026-03-24T22:07:59.251583,10106
570,32.520000,2500,415840,0,2026-03-24T22:07:59.256392,30116
571,46.139999,2500,416520,0,2026-03-24T22:07:59.303151,70108
572,11.129999,365,417424,0,2026-03-24T22:07:59.367310,60103
573,44.279995,513,417568,0,2026-03-24T22:07:59.377542,108
574,4.730000,245,417800,0,2026-03-24T22:07:59.545072,30117
575,45.079994,492,418072,0,2026-03-24T22:07:59.565986,50125
576,20.020000,334,418088,0,2026-03-24T22:07:59.567705,20118
577,17.470001,301,418184,0,2026-03-24T22:07:59.574638,10107
578,21.119999,321,419088,0,2026-03-24T22:07:59.639546,70109
579,16.299999,226,419232,0,2026-03-24T22:07:59.650130,60104
580,4.230000,210,419248,0,2026-03-24T22:07:59.652042,109
581,2.340000,233,420048,0,2026-03-24T22:07:59.857537,10108
582,5.490000,273,420256,0,2026-03-24T22:07:59.873331,50126
583,5.490000,216,420960,0,2026-03-24T22:07:59.925649,60105
584,10.259999,363,420992,0,2026-03-24T22:07:59.928088,20119
585,4.380000,211,421944,0,2026-03-24T22:08:00.146865,50127
586,17.200001,247,422024,0,2026-03-24T22:08:00.152840,10109
587,15.610001,490,423008,0,2026-03-24T22:08:00.221673,70110
588,17.010000,249,424016,0,2026-03-24T22:08:00.440987,10110
589,27.639999,443,424504,0,2026-03-24T22:08:00.474116,60106
590,40.730003,501,425000,0,2026-03-24T22:08:00.507263,20120
591,23.109999,269,425160,0,2026-03-24T22:08:00.518787,70111
592,20.019999,299,426408,0,2026-03-24T22:08:00.751038,10111
593,61.649998,2500,426736,0,2026-03-24T22:08:00.773608,40128
594,18.810001,290,427320,0,2026-03-24T22:08:00.815047,20121
595,5.490000,274,427352,0,2026-03-24T22:08:00.817643,70112
596,3.540000,235,428288,0,2026-03-24T22:08:01.031381,10112
597,30.569998,497,428480,0,2026-03-24T22:08:01.045091,60107
598,16.340000,224,429112,0,2026-03-24T22:08:01.090301,20122
599,16.290001,225,429152,0,2026-03-24T22:08:01.093251,70113
600,16.340000,225,430952,0,2026-03-24T22:08:01.359165,70114
601,22.020000,346,431056,0,2026-03-24T22:08:01.366370,10113
602,7.390000,263,431216,0,2026-03-24T22:08:01.377640,20123
603,24.740000,346,431248,0,2026-03-24T22:08:01.380089,60108
604,16.349998,227,432872,0,2026-03-24T22:08:01.700366,10114
605,16.240002,224,433040,0,2026-03-24T22:08:01.712191,60109
606,22.120001,321,433520,0,2026-03-24T22:08:01.744341,70115
607,5.349999,256,435568,0,2026-03-24T22:08:01.903308,70116
608,12.219999,392,436176,0,2026-03-24T22:08:01.941200,60110
609,27.699999,479,436704,0,2026-03-24T22:08:02.120631,10115
610,37.200001,2500,437800,0,2026-03-24T22:08:02.187742,30118
611,15.129999,396,438736,0,2026-03-24T22:08:02.400376,70117
612,20.060001,308,439168,0,2026-03-24T22:08:02.429529,10116
613,38.239998,2500,439248,0,2026-03-24T22:08:02.434928,110
614,28.400000,450,439776,0,2026-03-24T22:08:02.471486,60111
615,21.120001,317,441784,0,2026-03-24T22:08:02.754180,111
616,27.440001,384,441808,0,2026-03-24T22:08:02.756066,70118
617,17.200001,268,441920,0,2026-03-24T22:08:02.763955,60112
618,60.809994,2500,441944,0,2026-03-24T22:08:02.765747,50128
619,12.080000,353,441992,0,2026-03-24T22:08:02.769595,10117
620,22.380003,326,444552,0,2026-03-24T22:08:03.242796,50129
621,23.879999,353,444816,0,2026-03-24T22:08:03.262313,10118
622,37.250000,398,445104,0,2026-03-24T22:08:03.282076,60113
623,41.709999,435,445264,0,2026-03-24T22:08:03.293538,112
624,32.229996,527,446024,0,2026-03-24T22:08:03.347461,70119
625,61.049995,2500,446736,0,2026-03-24T22:08:03.545459,40129
626,5.190000,243,447048,0,2026-03-24T22:08:03.569663,60114
627,36.790001,349,447344,0,2026-03-24T22:08:03.591318,50130
628,5.390000,215,447744,0,2026-03-24T22:08:03.620471,70120
629,16.340000,225,448848,0,2026-03-24T22:08:03.850351,60115
630,22.830000,339,450456,0,2026-03-24T22:08:03.952356,70121
631,43.839996,504,450768,0,2026-03-24T22:08:04.124459,40130
632,39.079994,460,451024,0,2026-03-24T22:08:04.143251,50131
633,50.149994,2500,451216,0,2026-03-24T22:08:04.156823,20124
634,23.340000,395,452008,0,2026-03-24T22:08:04.214760,60116
635,16.349998,228,452592,0,2026-03-24T22:08:04.257506,40131
636,8.299999,264,453328,0,2026-03-24T22:08:04.456259,20125
637,21.730001,385,454104,0,2026-03-24T22:08:04.512958,50132
638,16.290001,224,455120,0,2026-03-24T22:08:04.728965,20126
639,4.380000,213,455808,0,2026-03-24T22:08:04.774839,50133
640,43.019993,418,455936,0,2026-03-24T22:08:04.783717,40132
641,34.340000,2500,457800,0,2026-03-24T22:08:05.051882,30119
642,23.599998,398,458304,0,2026-03-24T22:08:05.086319,20127
643,18.709999,301,458344,0,2026-03-24T22:08:05.089208,40133
644,22.920000,337,458504,0,2026-03-24T22:08:05.100158,50134
645,21.170000,305,460944,0,2026-03-24T22:08:05.559223,50135
646,24.829998,401,461008,0,2026-03-24T22:08:05.563770,30120
647,24.350000,366,461272,0,2026-03-24T22:08:05.583147,40134
648,17.299999,248,463256,0,2026-03-24T22:08:05.865780,40135
649,19.559999,296,463312,0,2026-03-24T22:08:05.869522,50136
650,40.209999,437,464504,0,2026-03-24T22:08:05.946035,30121
651,32.980000,2500,464816,0,2026-03-24T22:08:05.967789,10119
652,45.499992,2500,465264,0,2026-03-24T22:08:06.147028,113
653,17.349998,248,465296,0,2026-03-24T22:08:06.149778,50137
654,38.399998,402,466472,0,2026-03-24T22:08:06.233805,40136
655,7.309999,285,467576,0,2026-03-24T22:08:06.456455,50138
656,31.310001,457,468160,0,2026-03-24T22:08:06.497794,30122
657,40.059998,432,468272,0,2026-03-24T22:08:06.505639,10120
658,12.789999,410,468544,0,2026-03-24T22:08:06.525095,114
659,18.960001,267,468608,0,2026-03-24T22:08:06.529857,40137
660,6.140000,209,469832,0,2026-03-24T22:08:06.770301,30123
661,20.019999,299,469968,0,2026-03-24T22:08:06.780740,50139
662,59.809998,2500,470456,0,2026-03-24T22:08:06.815505,70122
663,36.639999,387,471640,0,2026-03-24T22:08:07.047273,115
664,4.390000,213,471672,0,2026-03-24T22:08:07.049949,50140
665,47.039997,2500,472008,0,2026-03-24T22:08:07.074258,60117
666,23.790001,403,473056,0,2026-03-24T22:08:07.146323,30124
667,17.750000,266,473768,0,2026-03-24T22:08:07.343865,116
668,13.030001,371,474640,0,2026-03-24T22:08:07.404823,50141
669,36.250000,389,475120,0,2026-03-24T22:08:07.438328,60118
670,21.110001,320,475616,0,2026-03-24T22:08:07.620759,30125
671,17.059999,251,475776,0,2026-03-24T22:08:07.632384,117
672,20.010002,312,477136,0,2026-03-24T22:08:07.722891,50142
673,19.200001,267,477752,0,2026-03-24T22:08:07.910239,30126
674,29.669998,2500,478304,0,2026-03-24T22:08:07.948367,20128
675,22.160000,320,480312,0,2026-03-24T22:08:08.229880,30127
676,6.200000,252,482328,0,2026-03-24T22:08:08.507904,30128
677,16.299999,226,484136,0,2026-03-24T22:08:08.780439,30129
678,49.949997,2500,488272,0,2026-03-24T22:08:09.329308,10121
679,45.189999,2500,488608,0,2026-03-24T22:08:09.351351,40138
680,16.109999,226,490080,0,2026-03-24T22:08:09.596503,10122
681,45.989998,2500,490456,0,2026-03-24T22:08:09.622081,70123
682,37.499996,396,491776,0,2026-03-24T22:08:09.855050,40139
683,9.980000,358,493320,0,2026-03-24T22:08:09.952375,70124
684,5.540000,215,495040,0,2026-03-24T22:08:10.208362,70125
685,32.389999,2500,495120,0,2026-03-24T22:08:10.213563,60119
686,48.380001,2500,495776,0,2026-03-24T22:08:10.404371,118
687,40.589993,2500,497136,0,2026-03-24T22:08:10.492251,50143
688,16.100000,226,497584,0,2026-03-24T22:08:10.522681,119
689,30.420000,2500,498304,0,2026-03-24T22:08:10.718427,20129
690,17.870001,247,499112,0,2026-03-24T22:08:10.773058,50144
691,43.899994,521,499288,0,2026-03-24T22:08:10.785667,60120
692,19.059999,288,499888,0,2026-03-24T22:08:10.978444,120
693,0.670000,166,500440,0,2026-03-24T22:08:11.021541,50145
694,20.160000,307,500760,0,2026-03-24T22:08:11.042233,20130
695,6.440000,278,501512,0,2026-03-24T22:08:11.090826,60121
696,5.490001,275,502640,0,2026-03-24T22:08:11.309531,50146
697,62.189991,2500,504136,0,2026-03-24T22:08:11.515681,30130
698,15.910002,227,504456,0,2026-03-24T22:08:11.538525,50147
699,2.910000,181,505904,0,2026-03-24T22:08:11.777382,50148
700,17.950001,267,506272,0,2026-03-24T22:08:11.801729,30131
701,18.580000,278,508496,0,2026-03-24T22:08:12.094833,30132
702,11.210000,372,508880,0,2026-03-24T22:08:12.120256,50149
703,30.029993,2500,510080,0,2026-03-24T22:08:12.234084,10123
704,19.350002,361,511768,0,2026-03-24T22:08:12.340602,50150
705,24.610004,2500,511776,0,2026-03-24T22:08:12.341388,40140
706,8.530001,298,512464,0,2026-03-24T22:08:12.535109,10124
707,22.640001,363,514680,0,2026-03-24T22:08:12.819919,40141
708,4.970000,309,514936,0,2026-03-24T22:08:12.837154,10125
709,57.039948,2500,515040,0,2026-03-24T22:08:12.844067,70126
710,15.910000,226,516848,0,2026-03-24T22:08:13.115928,70127
711,6.210000,303,517104,0,2026-03-24T22:08:13.133124,40142
712,27.859989,2500,519888,0,2026-03-24T22:08:13.460368,121
713,26.089998,416,520432,0,2026-03-24T22:08:13.647918,40143
714,30.319998,471,520616,0,2026-03-24T22:08:13.661676,70128
715,40.769966,2500,520760,0,2026-03-24T22:08:13.672123,20131
716,42.199963,2500,521512,0,2026-03-24T22:08:13.722216,60122
717,2.540000,228,521712,0,2026-03-24T22:08:13.736917,122
718,16.389999,226,523320,0,2026-03-24T22:08:13.991985,60123
719,21.920000,386,523848,0,2026-03-24T22:08:14.027837,20132
720,24.600000,342,524448,0,2026-03-24T22:08:14.215262,123
721,27.370001,496,524584,0,2026-03-24T22:08:14.225071,70129
722,6.100000,247,525296,0,2026-03-24T22:08:14.272385,60124
723,25.660000,420,527208,0,2026-03-24T22:08:14.543510,20133
724,17.160000,250,527296,0,2026-03-24T22:08:14.549401,60125
725,27.639999,2500,528496,0,2026-03-24T22:08:14.775059,30133
726,24.030001,402,530424,0,2026-03-24T22:08:14.899096,20134
727,26.640001,416,530624,0,2026-03-24T22:08:15.059162,60126
728,57.839981,2500,531768,0,2026-03-24T22:08:15.134862,50151
729,16.290001,226,532432,0,2026-03-24T22:08:15.179167,60127
730,39.220001,429,533856,0,2026-03-24T22:08:15.415919,20135
731,31.429998,2500,534936,0,2026-03-24T22:08:15.633750,10126
732,5.350000,309,537408,0,2026-03-24T22:08:15.925709,10127
733,17.910000,483,537720,0,2026-03-24T22:08:15.944732,20136
734,8.410000,320,539968,0,2026-03-24T22:08:16.222015,10128
735,21.160000,325,540320,0,2026-03-24T22:08:16.243868,20137
736,35.149998,2500,540432,0,2026-03-24T22:08:16.250643,40144
737,4.430000,211,542008,0,2026-03-24T22:08:16.502291,20138
738,13.020001,342,542704,0,2026-03-24T22:08:16.548757,10129
739,21.210001,306,542880,0,2026-03-24T22:08:16.708393,40145
740,18.820002,272,544184,0,2026-03-24T22:08:16.793088,20139
741,31.199999,2500,544448,0,2026-03-24T22:08:16.810679,124
742,32.109997,2500,544584,0,2026-03-24T22:08:16.820497,70130
743,12.890000,403,546104,0,2026-03-24T22:08:17.072763,40146
744,20.059999,300,546584,0,2026-03-24T22:08:17.104196,20140
745,19.059999,272,546760,0,2026-03-24T22:08:17.116606,70131
746,16.290001,227,548400,0,2026-03-24T22:08:17.372970,20141
747,42.599995,2500,548496,0,2026-03-24T22:08:17.379326,30134
748,9.120000,339,548816,0,2026-03-24T22:08:17.402084,40147
749,7.340000,263,548864,0,2026-03-24T22:08:17.405548,70132
750,7.110001,286,550688,0,2026-03-24T22:08:17.675977,20142
751,18.620001,298,551200,0,2026-03-24T22:08:17.915619,40148
752,21.870001,344,551616,0,2026-03-24T22:08:17.944848,70133
753,45.799995,2500,551768,0,2026-03-24T22:08:17.955772,50152
754,33.429996,2500,552432,0,2026-03-24T22:08:18.003120,60128
755,17.100000,266,552816,0,2026-03-24T22:08:18.031258,20143
756,21.730000,341,553928,0,2026-03-24T22:08:18.258350,40149
757,5.430000,214,554144,0,2026-03-24T22:08:18.274098,60129
758,6.400000,311,554256,0,2026-03-24T22:08:18.281687,50153
759,27.740000,374,554608,0,2026-03-24T22:08:18.306862,70134
760,21.640001,359,555688,0,2026-03-24T22:08:18.530743,20144
761,16.340000,225,556056,0,2026-03-24T22:08:18.557243,50154
762,8.349999,255,556184,0,2026-03-24T22:08:18.566086,60130
763,17.299999,267,556744,0,2026-03-24T22:08:18.606808,70135
764,19.299999,266,557816,0,2026-03-24T22:08:18.834754,20145
765,21.930000,349,558848,0,2026-03-24T22:08:18.902863,50155
766,41.459999,405,559424,0,2026-03-24T22:08:19.090410,60131
767,24.969999,347,560592,0,2026-03-24T22:08:19.166218,20146
768,28.709999,409,562120,0,2026-03-24T22:08:19.412161,50156
769,43.319988,2500,562704,0,2026-03-24T22:08:19.451550,10130
770,42.279999,502,563440,0,2026-03-24T22:08:19.648740,60132
771,11.309999,372,563568,0,2026-03-24T22:08:19.658624,20147
772,16.100002,225,563920,0,2026-03-24T22:08:19.683273,50157
773,4.540000,215,564424,0,2026-03-24T22:08:19.719110,10131
774,30.430000,2500,564448,0,2026-03-24T22:08:19.721063,125
775,0.910000,166,565752,0,2026-03-24T22:08:19.959256,10132
776,18.009998,268,566592,0,2026-03-24T22:08:20.016647,126
777,25.590000,382,566976,0,2026-03-24T22:08:20.042345,50158
778,17.100000,247,567728,0,2026-03-24T22:08:20.240945,10133
779,27.620001,2500,568496,0,2026-03-24T22:08:20.292186,30135
780,41.549999,425,570376,0,2026-03-24T22:08:20.565846,50159
781,17.050001,266,570624,0,2026-03-24T22:08:20.583326,30136
782,16.389999,225,572424,0,2026-03-24T22:08:20.853006,30137
783,29.189999,2500,573928,0,2026-03-24T22:08:21.095170,40150
784,39.559998,445,573936,0,2026-03-24T22:08:21.096124,50160
785,22.129999,363,575328,0,2026-03-24T22:08:21.186387,30138
786,76.010002,2500,576744,0,2026-03-24T22:08:21.431098,70136
787,25.989998,398,577112,0,2026-03-24T22:08:21.458915,40151
788,16.389999,225,577128,0,2026-03-24T22:08:21.460407,30139
789,24.699999,418,577280,0,2026-03-24T22:08:21.471720,50161
790,21.160000,268,578888,0,2026-03-24T22:08:21.730857,70137
791,17.160000,248,579096,0,2026-03-24T22:08:21.746306,40152
792,17.920000,250,579128,0,2026-03-24T22:08:21.748756,30140
793,19.070000,291,581424,0,2026-03-24T22:08:22.051064,40153
794,9.170000,291,581456,0,2026-03-24T22:08:22.053469,30141
795,16.349998,225,583256,0,2026-03-24T22:08:22.322748,30142
796,76.950005,2500,583440,0,2026-03-24T22:08:22.335288,60133
797,32.009991,2500,583568,0,2026-03-24T22:08:22.343826,20148
798,27.790001,489,585336,0,2026-03-24T22:08:22.609233,40154
799,19.070000,272,585432,0,2026-03-24T22:08:22.616047,30143
800,17.059998,267,585704,0,2026-03-24T22:08:22.635666,20149
801,9.400000,327,586056,0,2026-03-24T22:08:22.806842,60134
802,46.699986,2500,586592,0,2026-03-24T22:08:22.844090,127
803,16.870001,248,587320,0,2026-03-24T22:08:22.894107,40155
804,44.269981,2500,587728,0,2026-03-24T22:08:22.923493,10134
805,19.250000,273,587888,0,2026-03-24T22:08:23.082048,20150
806,20.070000,295,588416,0,2026-03-24T22:08:23.121353,60135
807,24.750000,431,588880,0,2026-03-24T22:08:23.155917,30144
808,5.760000,247,589296,0,2026-03-24T22:08:23.187224,40156
809,2.580000,231,589576,0,2026-03-24T22:08:23.208186,10135
810,4.540000,215,589608,0,2026-03-24T22:08:23.210770,20151
811,16.389999,226,590224,0,2026-03-24T22:08:23.429192,60136
812,19.869999,288,591184,0,2026-03-24T22:08:23.497779,30145
813,16.349998,229,591440,0,2026-03-24T22:08:23.516682,20152
814,8.349999,313,592080,0,2026-03-24T22:08:23.720639,10136
815,20.580000,319,593736,0,2026-03-24T22:08:23.832298,30146
816,9.160000,344,594192,0,2026-03-24T22:08:24.017325,20153
817,21.220001,551,594632,0,2026-03-24T22:08:24.047914,60137
818,28.220001,468,595824,0,2026-03-24T22:08:24.131955,10137
819,20.770002,314,596248,0,2026-03-24T22:08:24.318764,30147
820,19.259998,288,596496,0,2026-03-24T22:08:24.337023,20154
821,8.460000,293,596976,0,2026-03-24T22:08:24.371022,60138
822,48.659977,2500,597280,0,2026-03-24T22:08:24.392443,50162
823,0.910000,166,597576,0,2026-03-24T22:08:24.413941,30148
824,5.250000,288,598128,0,2026-03-24T22:08:24.603438,10138
825,28.320000,2500,598888,0,2026-03-24T22:08:24.658340,70138
826,0.910000,166,599456,0,2026-03-24T22:08:24.700072,10139
827,21.020000,327,599592,0,2026-03-24T22:08:24.710096,60139
828,38.649998,396,600448,0,2026-03-24T22:08:24.925789,50163
829,1.870000,198,600472,0,2026-03-24T22:08:24.927672,70139
830,41.239994,508,600560,0,2026-03-24T22:08:24.934850,20155
831,4.340000,212,601152,0,2026-03-24T22:08:24.977024,10140
832,26.260000,487,601472,0,2026-03-24T22:08:25.000103,30149
833,2.580000,224,602352,0,2026-03-24T22:08:25.210498,20156
834,16.389999,225,603272,0,2026-03-24T22:08:25.277370,30150
835,19.299999,268,603296,0,2026-03-24T22:08:25.279330,10141
836,23.080000,356,603296,0,2026-03-24T22:08:25.279335,50164
837,9.259999,354,603304,0,2026-03-24T22:08:25.280157,70140
838,34.789997,324,604944,0,2026-03-24T22:08:25.545545,20157
839,29.949999,2500,606592,0,2026-03-24T22:08:25.818510,128
840,40.599995,425,606704,0,2026-03-24T22:08:25.826788,70141
841,39.549999,431,606744,0,2026-03-24T22:08:25.830253,10142
842,43.320000,471,607064,0,2026-03-24T22:08:25.854287,50165
843,13.740000,437,608440,0,2026-03-24T22:08:26.100038,20158
844,17.299999,267,609200,0,2026-03-24T22:08:26.155602,50166
845,46.289997,2500,609296,0,2026-03-24T22:08:26.162658,40157
846,24.789999,339,609416,0,2026-03-24T22:08:26.173045,70142
847,16.099998,471,610360,0,2026-03-24T22:08:26.391289,129
848,22.029999,304,610872,0,2026-03-24T22:08:26.430547,20159
849,35.590000,355,612040,0,2026-03-24T22:08:26.511329,50167
850,23.730001,377,612312,0,2026-03-24T22:08:26.529559,40158
851,23.029999,301,612768,0,2026-03-24T22:08:26.740441,130
852,27.500002,426,612824,0,2026-03-24T22:08:26.744713,70143
853,6.350000,216,614552,0,2026-03-24T22:08:27.039075,70144
854,21.870001,350,614840,0,2026-03-24T22:08:27.058762,50168
855,31.379997,492,616248,0,2026-03-24T22:08:27.148516,40159
856,21.979998,298,616936,0,2026-03-24T22:08:27.347448,70145
857,20.070000,339,617552,0,2026-03-24T22:08:27.388161,50169
858,12.320001,330,618888,0,2026-03-24T22:08:27.625417,40160
859,31.619999,2500,619592,0,2026-03-24T22:08:27.671025,60140
860,17.860001,296,619920,0,2026-03-24T22:08:27.692912,50170
861,30.709999,477,620752,0,2026-03-24T22:08:27.902308,70146
862,20.209999,314,622432,0,2026-03-24T22:08:28.007187,50171
863,36.899998,2500,623272,0,2026-03-24T22:08:28.208084,30151
864,24.990000,430,624192,0,2026-03-24T22:08:28.269591,70147
865,36.259998,368,626216,0,2026-03-24T22:08:28.545653,30152
866,17.299999,267,626328,0,2026-03-24T22:08:28.553491,70148
867,19.609999,514,626544,0,2026-03-24T22:08:28.568862,50172
868,45.899994,2500,626744,0,2026-03-24T22:08:28.737204,10143
869,8.550000,256,628376,0,2026-03-24T22:08:28.845584,70149
870,33.779995,303,628640,0,2026-03-24T22:08:28.863812,30153
871,5.140000,248,628728,0,2026-03-24T22:08:28.870239,10144
872,25.030001,405,629784,0,2026-03-24T22:08:29.087301,50173
873,0.910000,166,630056,0,2026-03-24T22:08:29.107478,10145
874,16.100000,226,630184,0,2026-03-24T22:08:29.116205,70150
875,30.339996,2500,630872,0,2026-03-24T22:08:29.311870,20160
876,19.070000,290,632104,0,2026-03-24T22:08:29.396347,50174
877,40.369995,455,632280,0,2026-03-24T22:08:29.409126,30154
878,19.259998,270,632344,0,2026-03-24T22:08:29.413839,70151
879,44.329998,2500,632768,0,2026-03-24T22:08:29.443251,131
880,7.600000,315,633392,0,2026-03-24T22:08:29.637578,20161
881,30.660000,456,633704,0,2026-03-24T22:08:29.660892,10146
882,2.620000,203,633968,0,2026-03-24T22:08:29.680701,70152
883,5.690000,271,634448,0,2026-03-24T22:08:29.716240,30155
884,28.860001,499,636096,0,2026-03-24T22:08:30.090522,50175
885,4.590000,214,636160,0,2026-03-24T22:08:30.095398,30156
886,21.430002,297,636344,0,2026-03-24T22:08:30.108508,70153
887,15.899999,428,636816,0,2026-03-24T22:08:30.141057,20162
888,36.049992,2500,638888,0,2026-03-24T22:08:30.424739,40161
889,11.120001,363,639248,0,2026-03-24T22:08:30.599138,70154
890,35.049992,2500,639592,0,2026-03-24T22:08:30.624068,60141
891,0.910000,166,640216,0,2026-03-24T22:08:30.668715,40162
892,57.039997,481,640664,0,2026-03-24T22:08:30.700201,20163
893,3.820000,212,640944,0,2026-03-24T22:08:30.720757,70155
894,5.600000,244,641544,0,2026-03-24T22:08:30.910395,60142
895,19.209999,306,642664,0,2026-03-24T22:08:30.987524,40163
896,5.550000,246,642912,0,2026-03-24T22:08:31.005834,70156
897,12.160000,347,644320,0,2026-03-24T22:08:31.249765,60143
898,56.289993,462,644360,0,2026-03-24T22:08:31.252742,20164
899,8.500000,267,644800,0,2026-03-24T22:08:31.283532,40164
900,10.530001,355,645752,0,2026-03-24T22:08:31.497564,70157
901,16.150000,228,646184,0,2026-03-24T22:08:31.528637,20165
902,20.780001,338,647504,0,2026-03-24T22:08:31.766456,40165
903,44.429996,484,648192,0,2026-03-24T22:08:31.812670,60144
904,33.290001,535,650032,0,2026-03-24T22:08:32.080704,70158
905,13.169999,412,651488,0,2026-03-24T22:08:32.318044,60145
906,7.400000,214,651744,0,2026-03-24T22:08:32.335204,70159
907,63.539986,2500,652768,0,2026-03-24T22:08:32.398001,132
908,16.160000,229,653320,0,2026-03-24T22:08:32.581707,60146
909,16.150002,227,653560,0,2026-03-24T22:08:32.597905,70160
910,62.479988,2500,653704,0,2026-03-24T22:08:32.607415,10147
911,15.910000,225,655120,0,2026-03-24T22:08:32.701884,60147
912,42.709988,2500,656096,0,2026-03-24T22:08:32.918244,50176
913,32.289989,2500,656160,0,2026-03-24T22:08:32.923076,30157
914,11.530001,388,656664,0,2026-03-24T22:08:32.961685,70161
915,16.150000,226,656928,0,2026-03-24T22:08:32.980667,60148
916,41.169998,487,657600,0,2026-03-24T22:08:33.179363,10148
917,19.299999,272,658272,0,2026-03-24T22:08:33.228779,50177
918,16.389999,225,658464,0,2026-03-24T22:08:33.242289,70162
919,20.059999,296,658528,0,2026-03-24T22:08:33.246920,30158
920,23.830000,357,659784,0,2026-03-24T22:08:33.480176,60149
921,18.969999,302,660880,0,2026-03-24T22:08:33.555678,70163
922,19.299999,267,661920,0,2026-03-24T22:08:33.779051,60150
923,25.150000,590,662320,0,2026-03-24T22:08:33.806236,10149
924,16.389999,226,663728,0,2026-03-24T22:08:34.041208,60151
925,42.029999,498,664864,0,2026-03-24T22:08:34.110793,70164
926,9.940000,416,665648,0,2026-03-24T22:08:34.311690,10150
927,45.959991,2500,666184,0,2026-03-24T22:08:34.345997,20166
928,31.899984,2500,667504,0,2026-03-24T22:08:34.428934,40166
929,9.549999,343,667608,0,2026-03-24T22:08:34.436514,70165
930,33.349998,530,667968,0,2026-03-24T22:08:34.610093,60152
931,37.349998,389,668760,0,2026-03-24T22:08:34.666384,10151
932,16.389999,225,669304,0,2026-03-24T22:08:34.705430,40167
933,4.590000,214,669680,0,2026-03-24T22:08:34.731397,60153
934,28.709999,445,669744,0,2026-03-24T22:08:34.881342,20167
935,25.080000,373,671744,0,2026-03-24T22:08:35.014257,10152
936,5.450000,273,671928,0,2026-03-24T22:08:35.172605,20168
937,10.920000,373,672288,0,2026-03-24T22:08:35.197220,40168
938,21.840000,382,672736,0,2026-03-24T22:08:35.227954,60154
939,31.269997,2500,672768,0,2026-03-24T22:08:35.230302,133
940,0.910000,166,673256,0,2026-03-24T22:08:35.264936,20169
941,16.150000,227,674104,0,2026-03-24T22:08:35.472436,40169
942,11.030000,359,674616,0,2026-03-24T22:08:35.508004,10153
943,6.389999,284,675528,0,2026-03-24T22:08:35.570025,20170
944,11.420000,395,675896,0,2026-03-24T22:08:35.744933,60155
945,4.240000,210,676296,0,2026-03-24T22:08:35.772854,10154
946,42.359997,442,676304,0,2026-03-24T22:08:35.773647,134
947,47.709995,2500,678272,0,2026-03-24T22:08:36.053998,50178
948,33.449997,2500,678528,0,2026-03-24T22:08:36.072460,30159
949,23.070000,360,678776,0,2026-03-24T22:08:36.090170,60156
950,21.210001,324,678896,0,2026-03-24T22:08:36.098607,135
951,23.360001,440,679816,0,2026-03-24T22:08:36.162616,10155
952,7.440000,215,680496,0,2026-03-24T22:08:36.360025,60157
953,16.349998,229,680728,0,2026-03-24T22:08:36.377064,136
954,22.840000,381,681576,0,2026-03-24T22:08:36.434601,30160
955,15.550001,478,682096,0,2026-03-24T22:08:36.626051,50179
956,11.920000,337,682512,0,2026-03-24T22:08:36.657455,10156
957,17.160000,248,683560,0,2026-03-24T22:08:36.733634,30161
958,24.830002,368,683672,0,2026-03-24T22:08:36.741739,137
959,19.299999,268,684240,0,2026-03-24T22:08:36.930688,50180
960,28.850000,478,684320,0,2026-03-24T22:08:36.936510,60158
961,25.949997,372,685488,0,2026-03-24T22:08:37.016818,10157
962,26.790001,401,687448,0,2026-03-24T22:08:37.292588,50181
963,32.650002,506,687608,0,2026-03-24T22:08:37.303718,30162
964,31.619999,2500,687608,0,2026-03-24T22:08:37.303726,70166
965,28.900002,475,688120,0,2026-03-24T22:08:37.340855,60159
966,5.590000,215,689328,0,2026-03-24T22:08:37.572118,70167
967,42.229992,495,689448,0,2026-03-24T22:08:37.581401,10158
968,21.210001,312,690104,0,2026-03-24T22:08:37.627689,30163
969,9.300000,264,690232,0,2026-03-24T22:08:37.783966,60160
970,17.299999,266,691576,0,2026-03-24T22:08:37.876910,10159
971,8.200000,244,692056,0,2026-03-24T22:08:37.910261,30164
972,16.389999,224,693368,0,2026-03-24T22:08:38.145853,10160
973,23.790003,405,693472,0,2026-03-24T22:08:38.153598,60161
974,16.389999,225,693856,0,2026-03-24T22:08:38.180141,30165
975,43.659992,2500,694104,0,2026-03-24T22:08:38.197142,40170
976,37.439995,2500,695528,0,2026-03-24T22:08:38.446568,20171
977,8.340000,267,695608,0,2026-03-24T22:08:38.452594,60162
978,16.389999,225,695656,0,2026-03-24T22:08:38.456829,30166
979,19.809999,317,695904,0,2026-03-24T22:08:38.475169,10161
980,16.389999,225,695904,0,2026-03-24T22:08:38.475178,40171
981,4.580000,237,697800,0,2026-03-24T22:08:38.762349,40172
982,24.599998,366,698536,0,2026-03-24T22:08:38.962240,60163
983,39.649998,395,698816,0,2026-03-24T22:08:38.983327,30167
984,16.150000,227,699616,0,2026-03-24T22:08:39.039542,40173
985,36.849998,379,701568,0,2026-03-24T22:08:39.323216,60164
986,19.100000,271,701784,0,2026-03-24T22:08:39.338302,40174
987,41.730000,469,702568,0,2026-03-24T22:08:39.537613,30168
988,39.689995,2500,703672,0,2026-03-24T22:08:39.609781,138
989,16.900002,265,703688,0,2026-03-24T22:08:39.611267,60165
990,20.010000,306,704232,0,2026-03-24T22:08:39.648248,40175
991,18.900000,267,704704,0,2026-03-24T22:08:39.827942,30169
992,13.370000,329,706864,0,2026-03-24T22:08:40.124055,40176
993,30.609999,432,707144,0,2026-03-24T22:08:40.143871,60166
994,40.439995,2500,707448,0,2026-03-24T22:08:40.164051,50182
995,40.209999,431,708152,0,2026-03-24T22:08:40.211878,30170
996,5.540000,216,708872,0,2026-03-24T22:08:40.406031,60167
997,18.299999,271,709032,0,2026-03-24T22:08:40.417585,40177
998,34.619999,2500,709328,0,2026-03-24T22:08:40.438180,70168
999,7.190001,254,709480,0,2026-03-24T22:08:40.449147,50183
1000,39.069996,461,711840,0,2026-03-24T22:08:40.765984,30171
1001,44.419998,489,712784,0,2026-03-24T22:08:41.031139,60168
1002,32.470001,517,713616,0,2026-03-24T22:08:41.085727,50184
1003,16.389999,225,713640,0,2026-03-24T22:08:41.088156,30172
1004,61.659992,2500,715528,0,2026-03-24T22:08:41.424962,20172
1005,36.540001,361,715672,0,2026-03-24T22:08:41.436057,60169
1006,46.189999,2500,715904,0,2026-03-24T22:08:41.452289,10162
1007,21.880001,359,716512,0,2026-03-24T22:08:41.494443,30173
1008,4.440000,214,717240,0,2026-03-24T22:08:41.736948,20173
1009,44.180000,512,717712,0,2026-03-24T22:08:41.769241,50185
1010,19.070000,302,718088,0,2026-03-24T22:08:41.796291,60170
1011,16.389999,227,719528,0,2026-03-24T22:08:42.095490,50186
1012,44.429996,498,719888,0,2026-03-24T22:08:42.121204,10163
1013,16.389999,226,719896,0,2026-03-24T22:08:42.122539,60171
1014,29.709997,432,722984,0,2026-03-24T22:08:42.714324,50187
1015,35.389999,2500,723672,0,2026-03-24T22:08:42.758465,139
1016,4.240000,208,724648,0,2026-03-24T22:08:42.820540,50188
1017,17.299999,268,725816,0,2026-03-24T22:08:43.091948,140
1018,24.789999,349,727440,0,2026-03-24T22:08:43.388133,50189
1019,16.389999,226,727624,0,2026-03-24T22:08:43.400217,141
1020,30.570002,2500,729032,0,2026-03-24T22:08:43.484679,40178
1021,29.070000,2500,729328,0,2026-03-24T22:08:43.717508,70169
1022,7.260000,281,729688,0,2026-03-24T22:08:43.742490,50190
1023,11.370001,344,730376,0,2026-03-24T22:08:43.788266,142
1024,16.150000,228,730856,0,2026-03-24T22:08:43.820161,40179
1025,16.400000,229,731520,0,2026-03-24T22:08:44.073065,50191
1026,20.110001,296,731696,0,2026-03-24T22:08:44.085947,70170
1027,12.650000,461,735208,0,2026-03-24T22:08:44.499973,50192
1028,33.169998,2500,736512,0,2026-03-24T22:08:44.777804,30174
1029,37.389999,2500,737240,0,2026-03-24T22:08:44.826150,20174
1030,34.639996,342,737944,0,2026-03-24T22:08:45.072521,50193
1031,16.389999,224,739736,0,2026-03-24T22:08:45.385420,50194
1032,20.209999,316,739768,0,2026-03-24T22:08:45.387797,20175
1033,31.909998,2500,739888,0,2026-03-24T22:08:45.396135,10164
1034,46.429996,2500,739896,0,2026-03-24T22:08:45.397606,60172
1035,17.039999,434,739984,0,2026-03-24T22:08:45.404282,30175
1036,1.820000,205,741536,0,2026-03-24T22:08:45.712055,60173
1037,16.059998,227,741552,0,2026-03-24T22:08:45.713452,50195
1038,4.440000,213,741592,0,2026-03-24T22:08:45.716536,10165
1039,2.620000,202,741600,0,2026-03-24T22:08:45.717256,30176
1040,19.059999,277,743752,0,2026-03-24T22:08:46.063314,60174
1041,22.930000,331,744248,0,2026-03-24T22:08:46.096778,30177
1042,22.450001,453,745176,0,2026-03-24T22:08:46.157279,50196
1043,21.210001,316,747704,0,2026-03-24T22:08:46.721423,50197
1044,26.699999,480,748088,0,2026-03-24T22:08:46.745845,30178
1045,16.349998,226,749896,0,2026-03-24T22:08:47.064526,30179
1046,32.809994,2500,750376,0,2026-03-24T22:08:47.095523,143
1047,34.899998,2500,750856,0,2026-03-24T22:08:47.128212,40180
1048,33.949997,2500,751696,0,2026-03-24T22:08:47.383239,70171
1049,18.810001,271,752064,0,2026-03-24T22:08:47.410056,30180
1050,20.580002,328,753480,0,2026-03-24T22:08:47.510002,40181
1051,19.020000,292,754032,0,2026-03-24T22:08:47.751709,70172
1052,35.290001,343,754808,0,2026-03-24T22:08:47.805442,30181
1053,22.119999,293,755824,0,2026-03-24T22:08:48.140228,40182
1054,26.080000,382,758880,0,2026-03-24T22:08:48.532717,40183
1055,45.389996,2500,759768,0,2026-03-24T22:08:48.591310,20176
1056,17.160000,249,760872,0,2026-03-24T22:08:48.871157,40184
1057,36.199997,2500,761592,0,2026-03-24T22:08:48.917334,10166
1058,10.360000,291,762096,0,2026-03-24T22:08:49.139180,20177
1059,17.910000,268,763736,0,2026-03-24T22:08:49.242520,10167
1060,35.419998,2500,763752,0,2026-03-24T22:08:49.243865,60175
1061,38.149998,391,765224,0,2026-03-24T22:08:49.533040,20178
1062,7.250000,265,765872,0,2026-03-24T22:08:49.574194,60176
1063,4.390000,214,767584,0,2026-03-24T22:08:49.875884,60177
1064,33.629997,2500,767704,0,2026-03-24T22:08:49.883566,50198
1065,19.719999,312,767720,0,2026-03-24T22:08:49.885745,20179
1066,0.910000,166,769048,0,2026-03-24T22:08:50.173350,20180
1067,7.310000,293,770048,0,2026-03-24T22:08:50.234944,50199
1068,49.149998,2500,770376,0,2026-03-24T22:08:50.444416,144
1069,15.039999,423,772432,0,2026-03-24T22:08:50.774628,20181
1070,10.970000,339,772760,0,2026-03-24T22:08:50.796846,50200
1071,22.210001,306,772824,0,2026-03-24T22:08:50.801398,145
1072,47.939999,2500,774032,0,2026-03-24T22:08:50.877015,70173
1073,45.659992,2500,774808,0,2026-03-24T22:08:51.127606,30182
1074,12.530001,404,775664,0,2026-03-24T22:08:51.191744,20182
1075,39.449997,389,775936,0,2026-03-24T22:08:51.212133,146
1076,4.480000,211,777624,0,2026-03-24T22:08:51.535543,147
1077,56.379997,418,778152,0,2026-03-24T22:08:51.570424,30183
1078,21.640001,381,778712,0,2026-03-24T22:08:51.820259,20183
1079,31.809999,2500,780872,0,2026-03-24T22:08:52.186439,40185
1080,37.149998,391,781280,0,2026-03-24T22:08:52.217023,30184
1081,57.259995,521,781792,0,2026-03-24T22:08:52.257816,148
1082,1.670000,199,782464,0,2026-03-24T22:08:52.519284,40186
1083,17.010000,247,783256,0,2026-03-24T22:08:52.573942,30185
1084,31.859997,2500,783736,0,2026-03-24T22:08:52.607564,10168
1085,18.250000,266,784592,0,2026-03-24T22:08:52.866207,40187
1086,41.219997,464,785504,0,2026-03-24T22:08:52.929376,149
1087,8.009999,307,786192,0,2026-03-24T22:08:52.977615,10169
1088,7.490000,275,786792,0,2026-03-24T22:08:53.219673,40188
1089,38.639999,2500,787584,0,2026-03-24T22:08:53.273974,60178
1090,7.390000,214,789296,0,2026-03-24T22:08:53.588937,60179
1091,26.839998,430,789632,0,2026-03-24T22:08:53.611516,10170
1092,38.389999,2500,792760,0,2026-03-24T22:08:54.202794,50201
1093,38.529999,2500,794032,0,2026-03-24T22:08:54.281236,70174
1094,17.950001,267,794896,0,2026-03-24T22:08:54.533955,50202
1095,16.340000,223,796680,0,2026-03-24T22:08:54.836224,50203
1096,29.369997,2500,798712,0,2026-03-24T22:08:54.966675,20184
1097,36.450001,369,799632,0,2026-03-24T22:08:55.221548,50204
1098,4.540000,214,801344,0,2026-03-24T22:08:55.543220,50205
1099,48.040001,2500,803256,0,2026-03-24T22:08:55.857516,30186
1100,32.910004,2500,805504,0,2026-03-24T22:08:56.196854,150
1101,35.570000,2500,806792,0,2026-03-24T22:08:56.276886,40189
1102,20.920000,303,809216,0,2026-03-24T22:08:56.832359,40190
1103,51.149998,2500,809296,0,2026-03-24T22:08:56.837750,60180
1104,48.609993,2500,809632,0,2026-03-24T22:08:56.859914,10171
1105,0.670000,187,811128,0,2026-03-24T22:08:57.162893,10172
1106,5.340000,251,811304,0,2026-03-24T22:08:57.175549,60181
1107,17.330000,550,813616,0,2026-03-24T22:08:57.519250,40191
1108,36.489998,2500,814032,0,2026-03-24T22:08:57.548689,70175
1109,0.910000,166,814944,0,2026-03-24T22:08:57.609648,40192
1110,55.829998,472,815080,0,2026-03-24T22:08:57.618921,60182
1111,0.910000,166,815360,0,2026-03-24T22:08:57.834118,70176
1112,16.389999,223,816864,0,2026-03-24T22:08:57.930965,60183
1113,26.510000,404,818176,0,2026-03-24T22:08:58.215288,40193
1114,25.780001,365,818280,0,2026-03-24T22:08:58.222262,70177
1115,32.769997,2500,818712,0,2026-03-24T22:08:58.251473,20185
1116,47.989994,528,821088,0,2026-03-24T22:08:58.611590,60184
1117,35.570000,2500,821344,0,2026-03-24T22:08:58.788619,50206
1118,27.690001,444,821728,0,2026-03-24T22:08:58.816897,40194
1119,40.319996,442,822248,0,2026-03-24T22:08:58.851595,20186
1120,47.799992,511,822368,0,2026-03-24T22:08:58.859595,70178
1121,29.670000,2500,823256,0,2026-03-24T22:08:58.921783,30187
1122,19.059999,275,823288,0,2026-03-24T22:08:58.924440,60185
1123,19.259998,274,823536,0,2026-03-24T22:08:59.141013,50207
1124,16.150000,226,824056,0,2026-03-24T22:08:59.179002,20187
1125,23.129999,356,825216,0,2026-03-24T22:08:59.261394,70179
1126,45.139999,2500,825504,0,2026-03-24T22:08:59.478093,151
1127,2.580000,227,825872,0,2026-03-24T22:08:59.506172,20188
1128,17.159998,247,827480,0,2026-03-24T22:08:59.818258,152
1129,18.250000,268,828016,0,2026-03-24T22:08:59.854794,20189
1130,17.200001,247,829456,0,2026-03-24T22:09:00.142417,153
1131,48.609993,2500,831128,0,2026-03-24T22:09:00.240547,10173
1132,7.450000,255,831496,0,2026-03-24T22:09:00.466845,154
1133,8.260000,353,833952,0,2026-03-24T22:09:00.808084,10174
1134,9.309999,368,834440,0,2026-03-24T22:09:00.838069,155
1135,33.529995,2500,841728,0,2026-03-24T22:09:01.839122,40195
1136,50.549995,2500,843256,0,2026-03-24T22:09:02.130474,30188
1137,35.589996,2500,843288,0,2026-03-24T22:09:02.132863,60186
1138,46.099995,2500,843536,0,2026-03-24T22:09:02.149825,50208
1139,17.860001,268,843872,0,2026-03-24T22:09:02.372354,40196
1140,46.989998,2500,845216,0,2026-03-24T22:09:02.462544,70180
1141,4.730000,256,845304,0,2026-03-24T22:09:02.469102,30189
1142,14.040000,423,846672,0,2026-03-24T22:09:02.766477,60187
1143,38.399998,395,847032,0,2026-03-24T22:09:02.792949,40197
1144,35.489998,2500,848016,0,2026-03-24T22:09:03.060158,20190
1145,18.760000,496,849272,0,2026-03-24T22:09:03.144033,30190
1146,23.990000,389,849784,0,2026-03-24T22:09:03.180115,60188
1147,19.059999,271,850184,0,2026-03-24T22:09:03.409296,20191
1148,37.419994,417,852608,0,2026-03-24T22:09:03.774156,30191
1149,32.330002,2500,853952,0,2026-03-24T22:09:03.862585,10175
1150,37.669998,2500,854440,0,2026-03-24T22:09:04.100790,156
1151,3.580000,236,854496,0,2026-03-24T22:09:04.105121,30192
1152,1.670000,196,856008,0,2026-03-24T22:09:04.206134,157
1153,31.329998,476,859816,0,2026-03-24T22:09:04.834891,158
1154,39.669994,406,863064,0,2026-03-24T22:09:05.417786,159
1155,35.329998,2500,863536,0,2026-03-24T22:09:05.445980,50209
1156,33.279999,2500,865216,0,2026-03-24T22:09:05.746801,70181
1157,32.809998,2500,867032,0,2026-03-24T22:09:06.054379,40198
1158,14.030000,378,868240,0,2026-03-24T22:09:06.129348,70182
1159,34.769997,2500,869784,0,2026-03-24T22:09:06.426217,60189
1160,30.859999,2500,870184,0,2026-03-24T22:09:06.452284,20192
1161,28.219999,514,871144,0,2026-03-24T22:09:06.716377,40199
1162,16.150000,226,871592,0,2026-03-24T22:09:06.747714,60190
1163,17.919998,273,873328,0,2026-03-24T22:09:07.063654,40200
1164,36.680000,2500,873952,0,2026-03-24T22:09:07.103347,10176
1165,49.859997,2500,874496,0,2026-03-24T22:09:07.139194,30193
1166,29.759996,418,874936,0,2026-03-24T22:09:07.370436,60191
1167,4.340000,267,877072,0,2026-03-24T22:09:07.705269,60192
1168,33.820000,2500,883064,0,2026-03-24T22:09:08.630176,160
1169,33.169998,2500,883536,0,2026-03-24T22:09:08.658988,50210
1170,16.150000,225,885336,0,2026-03-24T22:09:08.977534,50211
1171,21.109999,267,887472,0,2026-03-24T22:09:09.397681,50212
1172,46.139996,2500,888240,0,2026-03-24T22:09:09.445108,70183
1173,3.580000,235,890120,0,2026-03-24T22:09:09.758398,70184
1174,46.229996,2500,890184,0,2026-03-24T22:09:09.762444,20193
1175,26.110001,415,890792,0,2026-03-24T22:09:09.800779,50213
1176,16.389999,223,891968,0,2026-03-24T22:09:10.075098,20194
1177,5.290000,272,892968,0,2026-03-24T22:09:10.344558,50214
1178,32.659996,2500,893328,0,2026-03-24T22:09:10.369719,40201
1179,35.950001,2500,893952,0,2026-03-24T22:09:10.411401,10177
1180,38.679996,2500,894496,0,2026-03-24T22:09:10.448383,30194
1181,26.079998,381,895016,0,2026-03-24T22:09:10.683905,20195
1182,0.910000,166,895280,0,2026-03-24T22:09:10.703818,10178
1183,23.730001,364,896240,0,2026-03-24T22:09:10.768976,40202
1184,16.389999,224,896288,0,2026-03-24T22:09:10.773044,30195
1185,29.559999,416,896296,0,2026-03-24T22:09:10.774125,50215
1186,4.590000,214,896992,0,2026-03-24T22:09:10.823150,10179
1187,48.889996,2500,897072,0,2026-03-24T22:09:11.030667,60193
1188,16.150000,224,898088,0,2026-03-24T22:09:11.104414,50216
1189,22.879999,357,899144,0,2026-03-24T22:09:11.372730,30196
1190,5.590000,215,899808,0,2026-03-24T22:09:11.419777,50217
1191,8.260000,356,899920,0,2026-03-24T22:09:11.427569,60194
1192,30.619997,469,899992,0,2026-03-24T22:09:11.433181,40203
1193,25.400000,435,900472,0,2026-03-24T22:09:11.472705,10180
1194,5.540000,215,900864,0,2026-03-24T22:09:11.500611,30197
1195,8.639999,298,902376,0,2026-03-24T22:09:11.802439,40204
1196,30.570000,2500,903064,0,2026-03-24T22:09:11.849485,161
1197,12.139999,408,903072,0,2026-03-24T22:09:11.850838,50218
1198,40.459995,373,903456,0,2026-03-24T22:09:12.081680,10181
1199,26.309999,466,903648,0,2026-03-24T22:09:12.096614,60195
1200,4.580000,235,904944,0,2026-03-24T22:09:12.186537,162
1201,19.210001,300,905472,0,2026-03-24T22:09:12.430961,50219
1202,22.760002,439,905888,0,2026-03-24T22:09:12.460180,40205
1203,10.920001,333,906312,0,2026-03-24T22:09:12.490944,60196
1204,41.230000,498,907440,0,2026-03-24T22:09:12.771701,10182
1205,20.010000,312,907968,0,2026-03-24T22:09:12.809311,50220
1206,18.350000,267,908024,0,2026-03-24T22:09:12.813300,40206
1207,7.490000,278,908536,0,2026-03-24T22:09:12.847327,60197
1208,5.540000,216,909168,0,2026-03-24T22:09:12.890021,10183
1209,45.749996,2500,910120,0,2026-03-24T22:09:13.155079,70185
1210,16.389999,225,910968,0,2026-03-24T22:09:13.214385,10184
1211,25.080000,381,911584,0,2026-03-24T22:09:13.457947,60198
1212,29.420000,452,911640,0,2026-03-24T22:09:13.462552,40207
1213,16.389999,223,911904,0,2026-03-24T22:09:13.481610,70186
1214,24.739998,346,913736,0,2026-03-24T22:09:13.810694,10185
1215,18.930000,332,914560,0,2026-03-24T22:09:13.864461,70187
1216,50.209995,2500,915016,0,2026-03-24T22:09:13.894590,20196
1217,44.439995,514,915696,0,2026-03-24T22:09:14.135254,60199
1218,19.770000,305,916176,0,2026-03-24T22:09:14.167245,10186
1219,7.210000,302,917432,0,2026-03-24T22:09:14.247298,20197
1220,20.540001,359,917432,0,2026-03-24T22:09:14.247308,70188
1221,5.100000,272,917872,0,2026-03-24T22:09:14.482655,60200
1222,18.209999,268,918320,0,2026-03-24T22:09:14.513082,10187
1223,17.299999,264,919544,0,2026-03-24T22:09:14.591856,20198
1224,19.060001,288,920176,0,2026-03-24T22:09:14.830108,60201
1225,22.880001,346,920200,0,2026-03-24T22:09:14.832061,70189
1226,44.659992,2500,920864,0,2026-03-24T22:09:14.876588,30198
1227,4.250000,263,921648,0,2026-03-24T22:09:15.132874,20199
1228,4.590000,214,921888,0,2026-03-24T22:09:15.150974,60202
1229,29.650002,489,922232,0,2026-03-24T22:09:15.176020,10188
1230,19.100000,267,922336,0,2026-03-24T22:09:15.183925,70190
1231,20.820000,302,923280,0,2026-03-24T22:09:15.250097,30199
1232,16.340000,222,923424,0,2026-03-24T22:09:15.259960,20200
1233,18.299999,265,924352,0,2026-03-24T22:09:15.520571,10189
1234,0.670000,166,924752,0,2026-03-24T22:09:15.549340,20201
1235,30.669998,2500,924944,0,2026-03-24T22:09:15.563233,163
1236,8.010000,283,925544,0,2026-03-24T22:09:15.607405,30200
1237,2.580000,200,925952,0,2026-03-24T22:09:15.835675,10190
1238,3.820000,216,926672,0,2026-03-24T22:09:15.885512,164
1239,46.039989,2500,927968,0,2026-03-24T22:09:16.172333,50221
1240,10.459999,363,928448,0,2026-03-24T22:09:16.206229,30201
1241,26.600000,382,931024,0,2026-03-24T22:09:16.572825,50222
1242,30.130001,2500,931640,0,2026-03-24T22:09:16.615287,40208
1243,39.359997,439,931960,0,2026-03-24T22:09:16.838357,30202
1244,26.749998,444,935192,0,2026-03-24T22:09:17.241976,40209
1245,45.459995,2500,941888,0,2026-03-24T22:09:18.210205,60203
1246,44.089996,2500,942336,0,2026-03-24T22:09:18.437909,70191
1247,22.879999,295,944696,0,2026-03-24T22:09:18.788946,70192
1248,32.139996,2500,944752,0,2026-03-24T22:09:18.792474,20202
1249,61.329990,2500,945952,0,2026-03-24T22:09:18.865194,10191
1250,33.330002,2500,946672,0,2026-03-24T22:09:19.101389,165
1251,19.870001,297,948328,0,2026-03-24T22:09:19.400145,10192
1252,4.280000,209,948344,0,2026-03-24T22:09:19.401904,166
1253,18.850000,471,948464,0,2026-03-24T22:09:19.410136,70193
1254,51.249992,2500,951024,0,2026-03-24T22:09:19.765571,50223
1255,24.640001,407,951720,0,2026-03-24T22:09:19.809544,70194
1256,26.940001,430,951784,0,2026-03-24T22:09:19.813645,167
1257,33.639999,2500,951960,0,2026-03-24T22:09:19.824849,30203
1258,54.029991,473,952112,0,2026-03-24T22:09:19.836139,10193
1259,17.159998,248,953944,0,2026-03-24T22:09:20.167795,30204
1260,21.209999,299,954112,0,2026-03-24T22:09:20.180262,70195
1261,9.310000,294,954136,0,2026-03-24T22:09:20.182645,168
1262,18.809999,296,954480,0,2026-03-24T22:09:20.407858,10194
1263,30.819996,2500,955192,0,2026-03-24T22:09:20.458408,40210
1264,19.570000,536,955312,0,2026-03-24T22:09:20.467034,50224
1265,16.340000,225,955744,0,2026-03-24T22:09:20.497886,30205
1266,16.340000,225,955936,0,2026-03-24T22:09:20.511537,169
1267,18.160000,249,956104,0,2026-03-24T22:09:20.524441,70196
1268,4.440000,215,956200,0,2026-03-24T22:09:20.531431,10195
1269,17.160000,249,958096,0,2026-03-24T22:09:20.870451,70197
1270,17.860001,272,958112,0,2026-03-24T22:09:20.871784,170
1271,23.719999,359,958184,0,2026-03-24T22:09:20.877517,50225
1272,27.450003,468,958936,0,2026-03-24T22:09:21.129059,40211
1273,24.590002,402,961312,0,2026-03-24T22:09:21.477652,70198
1274,31.619999,2500,961888,0,2026-03-24T22:09:21.514544,60204
1275,5.390000,216,963616,0,2026-03-24T22:09:21.819533,60205
1276,14.080000,384,964384,0,2026-03-24T22:09:21.867283,70199
1277,61.759995,2500,964752,0,2026-03-24T22:09:22.089413,20203
1278,18.010000,269,965768,0,2026-03-24T22:09:22.155635,60206
1279,22.120001,354,967584,0,2026-03-24T22:09:22.464390,20204
1280,61.079990,554,968816,0,2026-03-24T22:09:22.736985,70200
1281,28.800001,451,969376,0,2026-03-24T22:09:22.772259,60207
1282,18.059999,270,969744,0,2026-03-24T22:09:22.795822,20205
1283,17.109999,249,970808,0,2026-03-24T22:09:23.068638,70201
1284,33.779999,302,971792,0,2026-03-24T22:09:23.131824,60208
1285,9.170000,322,973384,0,2026-03-24T22:09:23.445710,70202
1286,41.229996,461,973432,0,2026-03-24T22:09:23.449548,20206
1287,22.600000,411,975080,0,2026-03-24T22:09:23.758671,60209
1288,40.529995,2500,975744,0,2026-03-24T22:09:23.801663,30206
1289,35.529999,340,976104,0,2026-03-24T22:09:23.826263,70203
1290,34.389999,2500,976200,0,2026-03-24T22:09:23.832558,10196
1291,18.300001,267,977216,0,2026-03-24T22:09:24.102028,60210
1292,40.889999,491,977360,0,2026-03-24T22:09:24.113035,20207
1293,17.900002,267,977880,0,2026-03-24T22:09:24.150674,30207
1294,37.599998,2500,978112,0,2026-03-24T22:09:24.166760,171
1295,35.869995,2500,978184,0,2026-03-24T22:09:24.172551,50226
1296,10.450000,267,978336,0,2026-03-24T22:09:24.183911,10197
1297,34.189999,2500,978936,0,2026-03-24T22:09:24.227073,40212
1298,41.829998,507,980160,0,2026-03-24T22:09:24.511182,70204
1299,28.640001,440,980736,0,2026-03-24T22:09:24.554273,60211
1300,38.599995,423,980744,0,2026-03-24T22:09:24.555108,20208
1301,22.740000,339,980824,0,2026-03-24T22:09:24.561424,172
1302,41.020000,439,981696,0,2026-03-24T22:09:24.830036,50227
1303,36.690002,357,981792,0,2026-03-24T22:09:24.837491,40213
1304,16.559998,475,982136,0,2026-03-24T22:09:24.865193,10198
1305,20.070000,308,982624,0,2026-03-24T22:09:24.902811,70205
1306,25.129999,328,984320,0,2026-03-24T22:09:25.232665,50228
1307,40.519997,436,985280,0,2026-03-24T22:09:25.499450,40214
1308,38.609997,421,985992,0,2026-03-24T22:09:25.548175,70206
1309,9.150001,263,986424,0,2026-03-24T22:09:25.577261,50229
1310,29.480001,712,986520,0,2026-03-24T22:09:25.583607,173
1311,3.820000,218,987736,0,2026-03-24T22:09:25.862271,70207
1312,7.020000,316,987808,0,2026-03-24T22:09:25.867344,40215
1313,2.820000,203,988048,0,2026-03-24T22:09:25.884470,50230
1314,19.020000,295,988880,0,2026-03-24T22:09:25.941285,174
1315,21.920000,349,990600,0,2026-03-24T22:09:26.253258,40216
1316,30.459999,452,991664,0,2026-03-24T22:09:26.522248,50231
1317,26.460001,467,994336,0,2026-03-24T22:09:26.881637,40217
1318,16.389999,224,996128,0,2026-03-24T22:09:27.196733,40218
1319,32.620003,2500,997880,0,2026-03-24T22:09:27.507281,30208
1320,16.399998,227,997944,0,2026-03-24T22:09:27.511792,40219
1321,18.109999,249,999936,0,2026-03-24T22:09:27.835603,40220
1322,47.950001,2500,1000736,0,2026-03-24T22:09:27.890995,60212
1323,35.049999,2500,1000744,0,2026-03-24T22:09:27.891875,20209
1324,23.790001,399,1001072,0,2026-03-24T22:09:27.914519,30209
